{
  "variant": "base_ghz",
  "loads": [
    "20u",
    "121u",
    "250u"
  ],
  "loco": {
    "corners": [
      {
        "corner": "20u",
        "kind": "extrap",
        "zout": {
          "insample": 0.1378742113293394,
          "heldout": 9.680588097844335,
          "ok": false
        },
        "psrr": {
          "insample": 0.17794700816498996,
          "heldout": 8.829918146755176,
          "ok": false
        },
        "noise": {
          "insample": 1.0971360629725115,
          "heldout": 5.863190108012051,
          "ok": false
        }
      },
      {
        "corner": "121u",
        "kind": "interp",
        "zout": {
          "insample": 0.41336210701514375,
          "heldout": 1.4427559846448639,
          "ok": false
        },
        "psrr": {
          "insample": 0.18954622005701394,
          "heldout": 5.595231461672285,
          "ok": false
        },
        "noise": {
          "insample": 0.8319840662990259,
          "heldout": 1.3666242020576298,
          "ok": true
        }
      },
      {
        "corner": "250u",
        "kind": "extrap",
        "zout": {
          "insample": 0.16742529657383895,
          "heldout": 1.7273003518687386,
          "ok": false
        },
        "psrr": {
          "insample": 0.15051219821936312,
          "heldout": 5.236544110939741,
          "ok": false
        },
        "noise": {
          "insample": 0.8001967207998728,
          "heldout": 1.4371377950290931,
          "ok": true
        }
      }
    ],
    "pass_": false,
    "note": "held-out mirrors the emitted model (interpolant CLAMPED to the retained-corner envelope); 'interp' (middle corner held out) is the bracketed, clamp-inactive case showing the true few-corner gap, 'extrap' end-corners are bounded by the clamp. Noise LOCO is amplitude-OOS / corner-freq-in-sample (NFK Lorentzian poles are load-independent, fit jointly)."
  },
  "identifiability": {
    "blocks": {
      "zout": {
        "per_corner": {
          "20u": {
            "cond": 2273488342006.739,
            "rank_deficient": true,
            "colnorm_rel": {
              "R_a": 1.0,
              "L_a": 0.46808757564908304,
              "R_pl": 7.139549762562023e-08,
              "R_b": 1.228231748970179e-07,
              "L_b": 4.606313565342319e-13
            }
          },
          "121u": {
            "cond": 2070334692328.1846,
            "rank_deficient": true,
            "colnorm_rel": {
              "R_a": 1.0,
              "L_a": 0.7620977281386335,
              "R_pl": 6.079511448168564e-08,
              "R_b": 6.875665993949651e-08,
              "L_b": 5.099322539751999e-13
            }
          },
          "250u": {
            "cond": 2509024048279.6206,
            "rank_deficient": true,
            "colnorm_rel": {
              "R_a": 1.0,
              "L_a": 0.7925328739091365,
              "R_pl": 5.56031236244612e-08,
              "R_b": 6.171578165107604e-08,
              "L_b": 4.055376904417623e-13
            }
          }
        },
        "classify": {
          "R_a": {
            "cls": "OK",
            "ratio": 4.674369925906242,
            "vals": [
              83.34108997365847,
              21.84539898967845,
              17.829374074945672
            ]
          },
          "L_a": {
            "cls": "OK",
            "ratio": 4.648591521876418,
            "vals": [
              2.773238033988909e-05,
              7.729682839996615e-06,
              5.965759781081997e-06
            ]
          },
          "R_pl": {
            "cls": "INVISIBLE",
            "ratio": 1.0000000000008917,
            "vals": [
              999999999.999104,
              999999999.9996476,
              999999999.9999957
            ]
          },
          "R_b": {
            "cls": "INVISIBLE",
            "ratio": 1.0,
            "vals": [
              1000000000.0,
              1000000000.0,
              1000000000.0
            ]
          },
          "L_b": {
            "cls": "INVISIBLE",
            "ratio": 1.0,
            "vals": [
              1e-12,
              1e-12,
              1e-12
            ]
          }
        }
      },
      "psrr": {
        "per_corner": {
          "20u": {
            "cond": 4.856559441019838e+49,
            "rank_deficient": true,
            "colnorm_rel": {
              "G0": 1.0,
              "G1": 0.9290241789462848,
              "w1": 0.0370941069081261,
              "G2": 4.365307700064729e-14,
              "w2": 4.365307700064729e-14,
              "G3": 4.365307700064729e-14,
              "w3": 4.365307700064729e-14,
              "pcb0": 4.365307700064729e-14,
              "pcb1": 4.365307700064729e-14,
              "pcw0": 4.365307700064729e-14,
              "pcq": 4.365307700064729e-14
            }
          },
          "121u": {
            "cond": 9.785926213672026e+47,
            "rank_deficient": true,
            "colnorm_rel": {
              "G0": 1.0,
              "G1": 0.8367345710021021,
              "w1": 0.06009226566683468,
              "G2": 9.508248028425746e-14,
              "w2": 9.508248028425746e-14,
              "G3": 9.508248028425746e-14,
              "w3": 9.508248028425746e-14,
              "pcb0": 9.508248028425746e-14,
              "pcb1": 9.508248028425746e-14,
              "pcw0": 9.508248028425746e-14,
              "pcq": 9.508248028425746e-14
            }
          },
          "250u": {
            "cond": 3.0738374321485094e+46,
            "rank_deficient": true,
            "colnorm_rel": {
              "G0": 1.0,
              "G1": 0.6748246580246848,
              "w1": 0.07567313870050442,
              "G2": 1.7855681427243394e-13,
              "w2": 1.7855681427243394e-13,
              "G3": 1.7855681427243394e-13,
              "w3": 1.7855681427243394e-13,
              "pcb0": 1.7855681427243394e-13,
              "pcb1": 1.7855681427243394e-13,
              "pcw0": 1.7855681427243394e-13,
              "pcq": 1.7855681427243394e-13
            }
          }
        },
        "classify": {
          "G0": {
            "cls": "OK",
            "ratio": 5.624754971986098,
            "vals": [
              0.0004766132725198421,
              0.0017921345661958638,
              0.002680832874320547
            ]
          },
          "G1": {
            "cls": "OK",
            "ratio": 4.205815181004945,
            "vals": [
              -0.0004432645548341337,
              -0.0015133030268348867,
              -0.0018642887939227981
            ]
          },
          "w1": {
            "cls": "OK",
            "ratio": 1.0540535596422733,
            "vals": [
              3166589.7124287453,
              3004201.9055496845,
              3155874.976352723
            ]
          },
          "G2": {
            "cls": "INVISIBLE",
            "ratio": 0.0,
            "vals": [
              0.0,
              0.0,
              0.0
            ]
          },
          "w2": {
            "cls": "INVISIBLE",
            "ratio": 1.0,
            "vals": [
              1000000000.0,
              1000000000.0,
              1000000000.0
            ]
          },
          "G3": {
            "cls": "INVISIBLE",
            "ratio": 0.0,
            "vals": [
              0.0,
              0.0,
              0.0
            ]
          },
          "w3": {
            "cls": "INVISIBLE",
            "ratio": 1.0,
            "vals": [
              1000000000.0,
              1000000000.0,
              1000000000.0
            ]
          },
          "pcb0": {
            "cls": "INVISIBLE",
            "ratio": 0.0,
            "vals": [
              0.0,
              0.0,
              0.0
            ]
          },
          "pcb1": {
            "cls": "INVISIBLE",
            "ratio": 0.0,
            "vals": [
              0.0,
              0.0,
              0.0
            ]
          },