{
  "variant": "base",
  "loads": [
    "20u",
    "121u",
    "250u"
  ],
  "loco": {
    "corners": [
      {
        "corner": "20u",
        "kind": "extrap",
        "zout": {
          "insample": 0.13733158323417924,
          "heldout": 9.680085197757291,
          "ok": false
        },
        "psrr": {
          "insample": 0.17792857659051864,
          "heldout": 8.829934072456524,
          "ok": false
        },
        "noise": {
          "insample": 1.0971327612518622,
          "heldout": 5.86321338398068,
          "ok": false
        }
      },
      {
        "corner": "121u",
        "kind": "interp",
        "zout": {
          "insample": 0.41283692091538626,
          "heldout": 1.4431906387285283,
          "ok": false
        },
        "psrr": {
          "insample": 0.18951873593300317,
          "heldout": 5.5952360868244,
          "ok": false
        },
        "noise": {
          "insample": 0.8319830206454142,
          "heldout": 1.3665971061481397,
          "ok": true
        }
      },
      {
        "corner": "250u",
        "kind": "extrap",
        "zout": {
          "insample": 0.1670021722461859,
          "heldout": 1.7277272794153617,
          "ok": false
        },
        "psrr": {
          "insample": 0.15049548536043,
          "heldout": 5.2365291695923215,
          "ok": false
        },
        "noise": {
          "insample": 0.8001979300240256,
          "heldout": 1.437101258036419,
          "ok": true
        }
      }
    ],
    "pass_": false,
    "note": "held-out mirrors the emitted model (interpolant CLAMPED to the retained-corner envelope); 'interp' (middle corner held out) is the bracketed, clamp-inactive case showing the true few-corner gap, 'extrap' end-corners are bounded by the clamp. Noise LOCO is amplitude-OOS / corner-freq-in-sample (NFK Lorentzian poles are load-independent, fit jointly)."
  },
  "identifiability": {
    "blocks": {
      "zout": {
        "per_corner": {
          "20u": {
            "cond": 2442145658547.373,
            "rank_deficient": true,
            "colnorm_rel": {
              "R_a": 1.0,
              "L_a": 0.46808538982887343,
              "R_pl": 7.140142654834266e-08,
              "R_b": 1.2283402452345713e-07,
              "L_b": 4.2541484759647686e-13
            }
          },
          "121u": {
            "cond": 2056036580292.8342,
            "rank_deficient": true,
            "colnorm_rel": {
              "R_a": 1.0,
              "L_a": 0.7621048797374783,
              "R_pl": 6.080162429640267e-08,
              "R_b": 6.876365746097753e-08,
              "L_b": 5.222218878614894e-13
            }
          },
          "250u": {
            "cond": 2743290714803.6,
            "rank_deficient": true,
            "colnorm_rel": {
              "R_a": 1.0,
              "L_a": 0.7925411453143365,
              "R_pl": 5.560905830374755e-08,
              "R_b": 6.172219751762283e-08,
              "L_b": 3.7304073196023786e-13
            }
          }
        },
        "classify": {
          "R_a": {
            "cls": "OK",
            "ratio": 4.674425075391737,
            "vals": [
              83.34870125363595,
              21.847169107304516,
              17.830792003153665
            ]
          },
          "L_a": {
            "cls": "OK",
            "ratio": 4.648489566192231,
            "vals": [
              2.7734307233425684e-05,
              7.730377219797017e-06,
              5.96630514890969e-06
            ]
          },
          "R_pl": {
            "cls": "INVISIBLE",
            "ratio": 1.0000000000003482,
            "vals": [
              999999999.9998536,
              999999999.9996476,
              999999999.9999957
            ]
          },
          "R_b": {
            "cls": "INVISIBLE",
            "ratio": 1.0,
            "vals": [
              1000000000.0,
              1000000000.0,
              1000000000.0
            ]
          },
          "L_b": {
            "cls": "INVISIBLE",
            "ratio": 1.0,
            "vals": [
              1e-12,
              1e-12,
              1e-12
            ]
          }
        }
      },
      "psrr": {
        "per_corner": {
          "20u": {
            "cond": 1.4502223485407408e+62,
            "rank_deficient": true,
            "colnorm_rel": {
              "G0": 1.0,
              "G1": 0.9290231963866494,
              "w1": 0.03709448736142208,
              "G2": 4.2381879865904943e-14,
              "w2": 4.2381879865904943e-14,
              "G3": 4.2381879865904943e-14,
              "w3": 4.2381879865904943e-14,
              "pcb0": 4.2381879865904943e-14,
              "pcb1": 4.2381879865904943e-14,
              "pcw0": 4.2381879865904943e-14,
              "pcq": 4.2381879865904943e-14
            }
          },
          "121u": {
            "cond": 7.513072294912234e+46,
            "rank_deficient": true,
            "colnorm_rel": {
              "G0": 1.0,
              "G1": 0.8367306176043047,
              "w1": 0.06009305653286887,
              "G2": 9.687689769935494e-14,
              "w2": 9.687689769935494e-14,
              "G3": 9.687689769935494e-14,
              "w3": 9.687689769935494e-14,
              "pcb0": 9.687689769935494e-14,
              "pcb1": 9.687689769935494e-14,
              "pcw0": 9.687689769935494e-14,
              "pcq": 9.687689769935494e-14
            }
          },
          "250u": {
            "cond": 2.3054574114935305e+46,
            "rank_deficient": true,
            "colnorm_rel": {
              "G0": 1.0,
              "G1": 0.674816242889936,
              "w1": 0.0756735312873958,
              "G2": 1.6644916409593658e-13,
              "w2": 1.6644916409593658e-13,
              "G3": 1.6644916409593658e-13,
              "w3": 1.6644916409593658e-13,
              "pcb0": 1.6644916409593658e-13,
              "pcb1": 1.6644916409593658e-13,
              "pcw0": 1.6644916409593658e-13,
              "pcq": 1.6644916409593658e-13
            }
          }
        },
        "classify": {
          "G0": {
            "cls": "OK",
            "ratio": 5.624755225486114,
            "vals": [
              0.0004765632599612669,
              0.0017919472659648692,
              0.0026805516867418333
            ]
          },
          "G1": {
            "cls": "OK",
            "ratio": 4.205773625701011,
            "vals": [
              -0.00044321761102484675,
              -0.0015131384387955663,
              -0.00186407293889451
            ]
          },
          "w1": {
            "cls": "OK",
            "ratio": 1.054059573332403,
            "vals": [
              3166509.6258108607,
              3004108.7865650323,
              3155754.0988792055
            ]
          },
          "G2": {
            "cls": "INVISIBLE",
            "ratio": 0.0,
            "vals": [
              0.0,
              0.0,
              0.0
            ]
          },
          "w2": {
            "cls": "INVISIBLE",
            "ratio": 1.0,
            "vals": [
              1000000000.0,
              1000000000.0,
              1000000000.0
            ]
          },
          "G3": {
            "cls": "INVISIBLE",
            "ratio": 0.0,
            "vals": [
              0.0,
              0.0,
              0.0
            ]
          },
          "w3": {
            "cls": "INVISIBLE",
            "ratio": 1.0,
            "vals": [
              1000000000.0,
              1000000000.0,
              1000000000.0
            ]
          },
          "pcb0": {
            "cls": "INVISIBLE",
            "ratio": 0.0,
            "vals": [
              0.0,
              0.0,
              0.0
            ]
          },
          "pcb1": {
            "cls": "INVISIBLE",
            "ratio": 0.0,
            "vals": [
              0.0,
              0.0,
              0.0
            ]
          },