{
  "variant": "cg_hi",
  "loads": [
    "20u",
    "121u",
    "250u"
  ],
  "loco": {
    "corners": [
      {
        "corner": "20u",
        "kind": "extrap",
        "zout": {
          "insample": 0.04307390345673198,
          "heldout": 9.344350583072174,
          "ok": false
        },
        "psrr": {
          "insample": 0.04851695382736124,
          "heldout": 9.193744955003494,
          "ok": false
        },
        "noise": {
          "insample": 1.7516927122600405,
          "heldout": 6.308240792489313,
          "ok": false
        }
      },
      {
        "corner": "121u",
        "kind": "interp",
        "zout": {
          "insample": 0.016258481819544344,
          "heldout": 1.6069575848306097,
          "ok": false
        },
        "psrr": {
          "insample": 0.04722497211937633,
          "heldout": 4.75811240882347,
          "ok": false
        },
        "noise": {
          "insample": 1.1106175369011038,
          "heldout": 1.5120810440296901,
          "ok": true
        }
      },
      {
        "corner": "250u",
        "kind": "extrap",
        "zout": {
          "insample": 0.017655324009515035,
          "heldout": 2.1207013340113994,
          "ok": false
        },
        "psrr": {
          "insample": 0.04111125942585652,
          "heldout": 4.56432668771424,
          "ok": false
        },
        "noise": {
          "insample": 1.0231337665567948,
          "heldout": 1.6374347460680834,
          "ok": true
        }
      }
    ],
    "pass_": false,
    "note": "held-out mirrors the emitted model (interpolant CLAMPED to the retained-corner envelope); 'interp' (middle corner held out) is the bracketed, clamp-inactive case showing the true few-corner gap, 'extrap' end-corners are bounded by the clamp. Noise LOCO is amplitude-OOS / corner-freq-in-sample (NFK Lorentzian poles are load-independent, fit jointly)."
  },
  "identifiability": {
    "blocks": {
      "zout": {
        "per_corner": {
          "20u": {
            "cond": 1988794361271.0376,
            "rank_deficient": true,
            "colnorm_rel": {
              "R_a": 1.0,
              "L_a": 0.792032443835807,
              "R_pl": 2.3352215864320057e-07,
              "R_b": 2.65800331662128e-07,
              "L_b": 5.273912772317381e-13
            }
          },
          "121u": {
            "cond": 2089592940724.597,
            "rank_deficient": true,
            "colnorm_rel": {
              "R_a": 0.9097072743074168,
              "L_a": 1.0,
              "R_pl": 0.007880959730758813,
              "R_b": 1.6215281120069282e-07,
              "L_b": 5.095084606826971e-13
            }
          },
          "250u": {
            "cond": 2210410047717.412,
            "rank_deficient": true,
            "colnorm_rel": {
              "R_a": 1.0,
              "L_a": 0.9722033143559221,
              "R_pl": 0.06296477211383786,
              "R_b": 1.351597769492787e-07,
              "L_b": 4.774014035814456e-13
            }
          }
        },
        "classify": {
          "R_a": {
            "cls": "OK",
            "ratio": 4.617408773686059,
            "vals": [
              84.55409845033681,
              23.344132246876743,
              18.31202360341114
            ]
          },
          "L_a": {
            "cls": "OK",
            "ratio": 4.697634667640683,
            "vals": [
              0.00010558697989584285,
              2.921411656895324e-05,
              2.2476626508053325e-05
            ]
          },
          "R_pl": {
            "cls": "SWITCH",
            "ratio": 487463.60197782464,
            "vals": [
              999999999.9999957,
              19915.64513780722,
              2051.4352167887337
            ]
          },
          "R_b": {
            "cls": "INVISIBLE",
            "ratio": 1.0,
            "vals": [
              1000000000.0,
              1000000000.0,
              1000000000.0
            ]
          },
          "L_b": {
            "cls": "INVISIBLE",
            "ratio": 1.0,
            "vals": [
              1e-12,
              1e-12,
              1e-12
            ]
          }
        }
      },
      "psrr": {
        "per_corner": {
          "20u": {
            "cond": 2.367137388949184e+46,
            "rank_deficient": true,
            "colnorm_rel": {
              "G0": 1.0,
              "G1": 0.9348886109649646,
              "w1": 0.03815561904558161,
              "G2": 3.946551372834752e-14,
              "w2": 3.946551372834752e-14,
              "G3": 3.946551372834752e-14,
              "w3": 3.946551372834752e-14,
              "pcb0": 3.946551372834752e-14,
              "pcb1": 3.946551372834752e-14,
              "pcw0": 3.946551372834752e-14,
              "pcq": 3.946551372834752e-14
            }
          },
          "121u": {
            "cond": 6.663716090338541e+91,
            "rank_deficient": true,
            "colnorm_rel": {
              "G0": 1.0,
              "G1": 0.856818869188329,
              "w1": 0.06029157503577273,
              "G2": 9.450025582280665e-14,
              "w2": 9.450025582280665e-14,
              "G3": 9.450025582280665e-14,
              "w3": 9.450025582280665e-14,
              "pcb0": 9.450025582280665e-14,
              "pcb1": 9.450025582280665e-14,
              "pcw0": 9.450025582280665e-14,
              "pcq": 9.450025582280665e-14
            }
          },
          "250u": {
            "cond": 3.6413537931432744e+46,
            "rank_deficient": true,
            "colnorm_rel": {
              "G0": 1.0,
              "G1": 0.6982306333584399,
              "w1": 0.07948213142704119,
              "G2": 1.8465347820343892e-13,
              "w2": 1.8465347820343892e-13,
              "G3": 1.8465347820343892e-13,
              "w3": 1.8465347820343892e-13,
              "pcb0": 1.8465347820343892e-13,
              "pcb1": 1.8465347820343892e-13,
              "pcw0": 1.8465347820343892e-13,
              "pcq": 1.8465347820343892e-13
            }
          }
        },
        "classify": {
          "G0": {
            "cls": "OK",
            "ratio": 5.575658376618441,
            "vals": [
              0.0005151634656615852,
              0.001934684488181583,
              0.0028723754926438037
            ]
          },
          "G1": {
            "cls": "OK",
            "ratio": 4.308480474574334,
            "vals": [
              -0.0004823119964371414,
              -0.0016739983598526287,
              -0.002078031819302389
            ]
          },
          "w1": {
            "cls": "OK",
            "ratio": 1.0124269558131407,
            "vals": [
              807276.5977375958,
              803138.7262925438,
              813119.2957560034
            ]
          },
          "G2": {
            "cls": "INVISIBLE",
            "ratio": 0.0,
            "vals": [
              0.0,
              0.0,
              0.0
            ]
          },
          "w2": {
            "cls": "INVISIBLE",
            "ratio": 1.0,
            "vals": [
              1000000000.0,
              1000000000.0,
              1000000000.0
            ]
          },
          "G3": {
            "cls": "INVISIBLE",
            "ratio": 0.0,
            "vals": [
              0.0,
              0.0,
              0.0
            ]
          },
          "w3": {
            "cls": "INVISIBLE",
            "ratio": 1.0,
            "vals": [
              1000000000.0,
              1000000000.0,
              1000000000.0
            ]
          },
          "pcb0": {
            "cls": "INVISIBLE",
            "ratio": 0.0,
            "vals": [
              0.0,
              0.0,
              0.0
            ]
          },
          "pcb1": {
            "cls": "INVISIBLE",
            "ratio": 0.0,
            "vals": [
              0.0,
              0.0,
              0.0
            ]
          },