{
  "variant": "cout4n7",
  "loads": [
    "20u",
    "121u",
    "250u"
  ],
  "loco": {
    "corners": [
      {
        "corner": "20u",
        "kind": "extrap",
        "zout": {
          "insample": 0.07011969400234304,
          "heldout": 8.239585260750907,
          "ok": false
        },
        "psrr": {
          "insample": 0.2005851772497841,
          "heldout": 9.04892945523817,
          "ok": false
        },
        "noise": {
          "insample": 1.1637447165148027,
          "heldout": 5.451810965430435,
          "ok": false
        }
      },
      {
        "corner": "121u",
        "kind": "interp",
        "zout": {
          "insample": 0.07385333145534927,
          "heldout": 1.3382641710049286,
          "ok": false
        },
        "psrr": {
          "insample": 0.19153396912770793,
          "heldout": 5.500374162349592,
          "ok": false
        },
        "noise": {
          "insample": 0.6360670692066892,
          "heldout": 1.1362015718463874,
          "ok": true
        }
      },
      {
        "corner": "250u",
        "kind": "extrap",
        "zout": {
          "insample": 0.07506344712789711,
          "heldout": 1.7013109980557215,
          "ok": false
        },
        "psrr": {
          "insample": 0.16516930808024372,
          "heldout": 5.243040022180507,
          "ok": false
        },
        "noise": {
          "insample": 0.5889604626061147,
          "heldout": 1.2514661628159267,
          "ok": false
        }
      }
    ],
    "pass_": false,
    "note": "held-out mirrors the emitted model (interpolant CLAMPED to the retained-corner envelope); 'interp' (middle corner held out) is the bracketed, clamp-inactive case showing the true few-corner gap, 'extrap' end-corners are bounded by the clamp. Noise LOCO is amplitude-OOS / corner-freq-in-sample (NFK Lorentzian poles are load-independent, fit jointly)."
  },
  "identifiability": {
    "blocks": {
      "zout": {
        "per_corner": {
          "20u": {
            "cond": 2138408740510.2812,
            "rank_deficient": true,
            "colnorm_rel": {
              "R_a": 1.0,
              "L_a": 0.20447750707710746,
              "R_pl": 0.005523580994083209,
              "R_b": 9.047297315140018e-08,
              "L_b": 5.230414446007713e-13
            }
          },
          "121u": {
            "cond": 2243709316801.2017,
            "rank_deficient": true,
            "colnorm_rel": {
              "R_a": 1.0,
              "L_a": 0.4132196196097365,
              "R_pl": 1.5604171374102312e-08,
              "R_b": 3.1197755428210516e-08,
              "L_b": 4.753118910489793e-13
            }
          },
          "250u": {
            "cond": 2375554965858.455,
            "rank_deficient": true,
            "colnorm_rel": {
              "R_a": 1.0,
              "L_a": 0.4478436332592315,
              "R_pl": 0.0040390249808728565,
              "R_b": 2.6271204681426247e-08,
              "L_b": 4.545137891831587e-13
            }
          }
        },
        "classify": {
          "R_a": {
            "cls": "OK",
            "ratio": 4.654886379785,
            "vals": [
              85.20479587865549,
              23.32558365535592,
              18.304377148425893
            ]
          },
          "L_a": {
            "cls": "OK",
            "ratio": 4.603596319633882,
            "vals": [
              2.7562839477364374e-05,
              7.765839962245452e-06,
              5.987240749109907e-06
            ]
          },
          "R_pl": {
            "cls": "SWITCH",
            "ratio": 347899.64446185,
            "vals": [
              2874.392129796079,
              999999999.9999957,
              3630.884245369507
            ]
          },
          "R_b": {
            "cls": "INVISIBLE",
            "ratio": 1.0,
            "vals": [
              1000000000.0,
              1000000000.0,
              1000000000.0
            ]
          },
          "L_b": {
            "cls": "INVISIBLE",
            "ratio": 1.0,
            "vals": [
              1e-12,
              1e-12,
              1e-12
            ]
          }
        }
      },
      "psrr": {
        "per_corner": {
          "20u": {
            "cond": 4.323453405128081e+61,
            "rank_deficient": true,
            "colnorm_rel": {
              "G0": 1.0,
              "G1": 0.9299167674309874,
              "w1": 0.03677695825164345,
              "G2": 3.9383420389667514e-14,
              "w2": 3.9383420389667514e-14,
              "G3": 3.9383420389667514e-14,
              "w3": 3.9383420389667514e-14,
              "pcb0": 3.9383420389667514e-14,
              "pcb1": 3.9383420389667514e-14,
              "pcw0": 3.9383420389667514e-14,
              "pcq": 3.9383420389667514e-14
            }
          },
          "121u": {
            "cond": 5.821267753119918e+47,
            "rank_deficient": true,
            "colnorm_rel": {
              "G0": 1.0,
              "G1": 0.8456237477275634,
              "w1": 0.05833301368892024,
              "G2": 1.0793754019068417e-13,
              "w2": 1.0793754019068417e-13,
              "G3": 1.0793754019068417e-13,
              "w3": 1.0793754019068417e-13,
              "pcb0": 1.0793754019068417e-13,
              "pcb1": 1.0793754019068417e-13,
              "pcw0": 1.0793754019068417e-13,
              "pcq": 1.0793754019068417e-13
            }
          },
          "250u": {
            "cond": 3.8803206020447065e+61,
            "rank_deficient": true,
            "colnorm_rel": {
              "G0": 1.0,
              "G1": 0.6808749082490392,
              "w1": 0.07542452999026177,
              "G2": 1.7901293866990528e-13,
              "w2": 1.7901293866990528e-13,
              "G3": 1.7901293866990528e-13,
              "w3": 1.7901293866990528e-13,
              "pcb0": 1.7901293866990528e-13,
              "pcb1": 1.7901293866990528e-13,
              "pcw0": 1.7901293866990528e-13,
              "pcq": 1.7901293866990528e-13
            }
          }
        },
        "classify": {
          "G0": {
            "cls": "OK",
            "ratio": 5.637031718110142,
            "vals": [
              0.00047170216199513503,
              0.0017703678102777844,
              0.0026590000486677048
            ]
          },
          "G1": {
            "cls": "OK",
            "ratio": 4.244647483186397,
            "vals": [
              -0.00043908779965583526,
              -0.001509301971561139,
              -0.0018637729237069942
            ]
          },
          "w1": {
            "cls": "OK",
            "ratio": 1.0161723754416474,
            "vals": [
              3194343.0853239293,
              3146719.750192662,
              3197609.683402424
            ]
          },
          "G2": {
            "cls": "INVISIBLE",
            "ratio": 0.0,
            "vals": [
              0.0,
              0.0,
              0.0
            ]
          },
          "w2": {
            "cls": "INVISIBLE",
            "ratio": 1.0,
            "vals": [
              1000000000.0,
              1000000000.0,
              1000000000.0
            ]
          },
          "G3": {
            "cls": "INVISIBLE",
            "ratio": 0.0,
            "vals": [
              0.0,
              0.0,
              0.0
            ]
          },
          "w3": {
            "cls": "INVISIBLE",
            "ratio": 1.0,
            "vals": [
              1000000000.0,
              1000000000.0,
              1000000000.0
            ]
          },
          "pcb0": {
            "cls": "INVISIBLE",
            "ratio": 0.0,
            "vals": [
              0.0,
              0.0,
              0.0
            ]
          },
          "pcb1": {
            "cls": "INVISIBLE",
            "ratio": 0.0,
            "vals": [
              0.0,
              0.0,
              0.0
            ]
          },