{
  "variant": "cout10n",
  "loads": [
    "20u",
    "121u",
    "250u"
  ],
  "loco": {
    "corners": [
      {
        "corner": "20u",
        "kind": "extrap",
        "zout": {
          "insample": 0.09550983613323229,
          "heldout": 7.683662680886595,
          "ok": false
        },
        "psrr": {
          "insample": 0.23170216712282715,
          "heldout": 9.253424802004458,
          "ok": false
        },
        "noise": {
          "insample": 0.7350460192089229,
          "heldout": 5.393032999714227,
          "ok": false
        }
      },
      {
        "corner": "121u",
        "kind": "interp",
        "zout": {
          "insample": 0.09764370890465113,
          "heldout": 1.2489726408126152,
          "ok": false
        },
        "psrr": {
          "insample": 0.22185651142729568,
          "heldout": 5.460789883459584,
          "ok": false
        },
        "noise": {
          "insample": 0.38541195368655967,
          "heldout": 1.1330780238948295,
          "ok": false
        }
      },
      {
        "corner": "250u",
        "kind": "extrap",
        "zout": {
          "insample": 0.09747681744781804,
          "heldout": 1.5784814260893067,
          "ok": false
        },
        "psrr": {
          "insample": 0.19478645024374125,
          "heldout": 5.2742937290942296,
          "ok": false
        },
        "noise": {
          "insample": 0.37546128591735717,
          "heldout": 1.162028469807189,
          "ok": false
        }
      }
    ],
    "pass_": false,
    "note": "held-out mirrors the emitted model (interpolant CLAMPED to the retained-corner envelope); 'interp' (middle corner held out) is the bracketed, clamp-inactive case showing the true few-corner gap, 'extrap' end-corners are bounded by the clamp. Noise LOCO is amplitude-OOS / corner-freq-in-sample (NFK Lorentzian poles are load-independent, fit jointly)."
  },
  "identifiability": {
    "blocks": {
      "zout": {
        "per_corner": {
          "20u": {
            "cond": 2493349062950.006,
            "rank_deficient": true,
            "colnorm_rel": {
              "R_a": 1.0,
              "L_a": 0.11668453289004217,
              "R_pl": 0.013015973655345176,
              "R_b": 8.717897224370551e-08,
              "L_b": 4.3951242254318336e-13
            }
          },
          "121u": {
            "cond": 2483907109739.3213,
            "rank_deficient": true,
            "colnorm_rel": {
              "R_a": 1.0,
              "L_a": 0.2751293268457441,
              "R_pl": 0.010172609177334353,
              "R_b": 2.6325908347744295e-08,
              "L_b": 4.408892675912025e-13
            }
          },
          "250u": {
            "cond": 2650372625933.5557,
            "rank_deficient": true,
            "colnorm_rel": {
              "R_a": 1.0,
              "L_a": 0.30656016811750303,
              "R_pl": 0.012213570759982624,
              "R_b": 2.140413529609679e-08,
              "L_b": 3.923335928995333e-13
            }
          }
        },
        "classify": {
          "R_a": {
            "cls": "OK",
            "ratio": 4.656920558187735,
            "vals": [
              85.19120830550166,
              23.325615121684084,
              18.29346394061192
            ]
          },
          "L_a": {
            "cls": "OK",
            "ratio": 4.43284956740928,
            "vals": [
              2.646887768899994e-05,
              7.71819751943248e-06,
              5.971075103383065e-06
            ]
          },
          "R_pl": {
            "cls": "OK",
            "ratio": 1.4787232174700853,
            "vals": [
              488.6338714354746,
              722.554250533929,
              579.1810045159898
            ]
          },
          "R_b": {
            "cls": "INVISIBLE",
            "ratio": 1.0,
            "vals": [
              1000000000.0,
              1000000000.0,
              1000000000.0
            ]
          },
          "L_b": {
            "cls": "INVISIBLE",
            "ratio": 1.0,
            "vals": [
              1e-12,
              1e-12,
              1e-12
            ]
          }
        }
      },
      "psrr": {
        "per_corner": {
          "20u": {
            "cond": 1.7074255533866593e+78,
            "rank_deficient": true,
            "colnorm_rel": {
              "G0": 1.0,
              "G1": 0.929736436870732,
              "w1": 0.03684221433698786,
              "G2": 4.0280519303597216e-14,
              "w2": 4.0280519303597216e-14,
              "G3": 4.0280519303597216e-14,
              "w3": 4.0280519303597216e-14,
              "pcb0": 4.0280519303597216e-14,
              "pcb1": 4.0280519303597216e-14,
              "pcw0": 4.0280519303597216e-14,
              "pcq": 4.0280519303597216e-14
            }
          },
          "121u": {
            "cond": 2.0488125592690808e+61,
            "rank_deficient": true,
            "colnorm_rel": {
              "G0": 1.0,
              "G1": 0.8452642514454493,
              "w1": 0.05840463308910238,
              "G2": 9.479887027967576e-14,
              "w2": 9.479887027967576e-14,
              "G3": 9.479887027967576e-14,
              "w3": 9.479887027967576e-14,
              "pcb0": 9.479887027967576e-14,
              "pcb1": 9.479887027967576e-14,
              "pcw0": 9.479887027967576e-14,
              "pcq": 9.479887027967576e-14
            }
          },
          "250u": {
            "cond": 9.544750088748457e+49,
            "rank_deficient": true,
            "colnorm_rel": {
              "G0": 1.0,
              "G1": 0.6800745056650432,
              "w1": 0.075453797239768,
              "G2": 1.6615756068335873e-13,
              "w2": 1.6615756068335873e-13,
              "G3": 1.6615756068335873e-13,
              "w3": 1.6615756068335873e-13,
              "pcb0": 1.6615756068335873e-13,
              "pcb1": 1.6615756068335873e-13,
              "pcw0": 1.6615756068335873e-13,
              "pcq": 1.6615756068335873e-13
            }
          }
        },
        "classify": {
          "G0": {
            "cls": "OK",
            "ratio": 5.639380478693593,
            "vals": [
              0.00047063565700274914,
              0.0017664994034107956,
              0.002654093536678437
            ]
          },
          "G1": {
            "cls": "OK",
            "ratio": 4.242712803025099,
            "vals": [
              -0.0004380163931907038,
              -0.0015054214554219589,
              -0.0018583777593250746
            ]
          },
          "w1": {
            "cls": "OK",
            "ratio": 1.0174076135809254,
            "vals": [
              3187079.254326802,
              3142408.1742578493,
              3197110.001468871
            ]
          },
          "G2": {
            "cls": "INVISIBLE",
            "ratio": 0.0,
            "vals": [
              0.0,
              0.0,
              0.0
            ]
          },
          "w2": {
            "cls": "INVISIBLE",
            "ratio": 1.0,
            "vals": [
              1000000000.0,
              1000000000.0,
              1000000000.0
            ]
          },
          "G3": {
            "cls": "INVISIBLE",
            "ratio": 0.0,
            "vals": [
              0.0,
              0.0,
              0.0
            ]
          },
          "w3": {
            "cls": "INVISIBLE",
            "ratio": 1.0,
            "vals": [
              1000000000.0,
              1000000000.0,
              1000000000.0
            ]
          },
          "pcb0": {
            "cls": "INVISIBLE",
            "ratio": 0.0,
            "vals": [
              0.0,
              0.0,
              0.0
            ]
          },
          "pcb1": {
            "cls": "INVISIBLE",
            "ratio": 0.0,
            "vals": [
              0.0,
              0.0,
              0.0
            ]
          },