{
  "variant": "esr_hi",
  "loads": [
    "20u",
    "121u",
    "250u"
  ],
  "loco": {
    "corners": [
      {
        "corner": "20u",
        "kind": "extrap",
        "zout": {
          "insample": 0.1287981935318332,
          "heldout": 9.49932832114635,
          "ok": false
        },
        "psrr": {
          "insample": 0.21028574968598077,
          "heldout": 8.779749986483983,
          "ok": false
        },
        "noise": {
          "insample": 0.9230602914932732,
          "heldout": 5.5487915598062525,
          "ok": false
        }
      },
      {
        "corner": "121u",
        "kind": "interp",
        "zout": {
          "insample": 0.28010613135169776,
          "heldout": 1.5420622936101924,
          "ok": false
        },
        "psrr": {
          "insample": 0.2095396385952068,
          "heldout": 5.586604826017406,
          "ok": false
        },
        "noise": {
          "insample": 0.6442885837549435,
          "heldout": 1.1949189238643823,
          "ok": true
        }
      },
      {
        "corner": "250u",
        "kind": "extrap",
        "zout": {
          "insample": 0.14929638030118747,
          "heldout": 1.8189021365229388,
          "ok": false
        },
        "psrr": {
          "insample": 0.17764159739834104,
          "heldout": 5.216802358943781,
          "ok": false
        },
        "noise": {
          "insample": 0.6222302838637117,
          "heldout": 1.2794242815026455,
          "ok": false
        }
      }
    ],
    "pass_": false,
    "note": "held-out mirrors the emitted model (interpolant CLAMPED to the retained-corner envelope); 'interp' (middle corner held out) is the bracketed, clamp-inactive case showing the true few-corner gap, 'extrap' end-corners are bounded by the clamp. Noise LOCO is amplitude-OOS / corner-freq-in-sample (NFK Lorentzian poles are load-independent, fit jointly)."
  },
  "identifiability": {
    "blocks": {
      "zout": {
        "per_corner": {
          "20u": {
            "cond": 2278724579531.9536,
            "rank_deficient": true,
            "colnorm_rel": {
              "R_a": 1.0,
              "L_a": 0.46066746055621827,
              "R_pl": 0.0004788924607407114,
              "R_b": 1.2437390921795157e-07,
              "L_b": 4.67759612892129e-13
            }
          },
          "121u": {
            "cond": 2035221514899.0615,
            "rank_deficient": true,
            "colnorm_rel": {
              "R_a": 1.0,
              "L_a": 0.7279120962741817,
              "R_pl": 5.889950898899534e-08,
              "R_b": 6.709737279453449e-08,
              "L_b": 5.230288296076593e-13
            }
          },
          "250u": {
            "cond": 2920640335800.421,
            "rank_deficient": true,
            "colnorm_rel": {
              "R_a": 1.0,
              "L_a": 0.7513344021045749,
              "R_pl": 5.337641744197475e-08,
              "R_b": 5.963952405135285e-08,
              "L_b": 3.4732267310582254e-13
            }
          }
        },
        "classify": {
          "R_a": {
            "cls": "OK",
            "ratio": 4.670595726754579,
            "vals": [
              85.1685307938849,
              22.395304117489058,
              18.235046614292457
            ]
          },
          "L_a": {
            "cls": "OK",
            "ratio": 4.625055129917992,
            "vals": [
              2.817403858453968e-05,
              7.89076142645339e-06,
              6.0916114063788985e-06
            ]
          },
          "R_pl": {
            "cls": "INVISIBLE",
            "ratio": 6691.058396176285,
            "vals": [
              149453.18674418714,
              999999999.9999957,
              999999998.3990719
            ]
          },
          "R_b": {
            "cls": "INVISIBLE",
            "ratio": 1.0,
            "vals": [
              1000000000.0,
              1000000000.0,
              1000000000.0
            ]
          },
          "L_b": {
            "cls": "INVISIBLE",
            "ratio": 1.0,
            "vals": [
              1e-12,
              1e-12,
              1e-12
            ]
          }
        }
      },
      "psrr": {
        "per_corner": {
          "20u": {
            "cond": 1.4680941500309467e+64,
            "rank_deficient": true,
            "colnorm_rel": {
              "G0": 1.0,
              "G1": 0.9291242288603825,
              "w1": 0.0370621434386991,
              "G2": 4.2867737584208e-14,
              "w2": 4.2867737584208e-14,
              "G3": 4.2867737584208e-14,
              "w3": 4.2867737584208e-14,
              "pcb0": 4.2867737584208e-14,
              "pcb1": 4.2867737584208e-14,
              "pcw0": 4.2867737584208e-14,
              "pcq": 4.2867737584208e-14
            }
          },
          "121u": {
            "cond": 3.888239194385751e+61,
            "rank_deficient": true,
            "colnorm_rel": {
              "G0": 1.0,
              "G1": 0.8375768747434353,
              "w1": 0.05992910355670769,
              "G2": 9.551556441617074e-14,
              "w2": 9.551556441617074e-14,
              "G3": 9.551556441617074e-14,
              "w3": 9.551556441617074e-14,
              "pcb0": 9.551556441617074e-14,
              "pcb1": 9.551556441617074e-14,
              "pcw0": 9.551556441617074e-14,
              "pcq": 9.551556441617074e-14
            }
          },
          "250u": {
            "cond": 2.696770309376604e+61,
            "rank_deficient": true,
            "colnorm_rel": {
              "G0": 1.0,
              "G1": 0.6754236270906444,
              "w1": 0.07565048368480712,
              "G2": 1.8797698867645982e-13,
              "w2": 1.8797698867645982e-13,
              "G3": 1.8797698867645982e-13,
              "w3": 1.8797698867645982e-13,
              "pcb0": 1.8797698867645982e-13,
              "pcb1": 1.8797698867645982e-13,
              "pcw0": 1.8797698867645982e-13,
              "pcq": 1.8797698867645982e-13
            }
          }
        },
        "classify": {
          "G0": {
            "cls": "OK",
            "ratio": 5.623329849431581,
            "vals": [
              0.0004669763668466371,
              0.0017568441618044117,
              0.0026259621426678063
            ]
          },
          "G1": {
            "cls": "OK",
            "ratio": 4.207635260139619,
            "vals": [
              -0.00043434571097058486,
              -0.0014848530375941834,
              -0.0018275683285702445
            ]
          },
          "w1": {
            "cls": "OK",
            "ratio": 1.0484653089405758,
            "vals": [
              3164286.3371930886,
              3018017.201151318,
              3159111.889748546
            ]
          },
          "G2": {
            "cls": "INVISIBLE",
            "ratio": 0.0,
            "vals": [
              0.0,
              0.0,
              0.0
            ]
          },
          "w2": {
            "cls": "INVISIBLE",
            "ratio": 1.0,
            "vals": [
              1000000000.0,
              1000000000.0,
              1000000000.0
            ]
          },
          "G3": {
            "cls": "INVISIBLE",
            "ratio": 0.0,
            "vals": [
              0.0,
              0.0,
              0.0
            ]
          },
          "w3": {
            "cls": "INVISIBLE",
            "ratio": 1.0,
            "vals": [
              1000000000.0,
              1000000000.0,
              1000000000.0
            ]
          },
          "pcb0": {
            "cls": "INVISIBLE",
            "ratio": 0.0,
            "vals": [
              0.0,
              0.0,
              0.0
            ]
          },
          "pcb1": {
            "cls": "INVISIBLE",
            "ratio": 0.0,
            "vals": [
              0.0,
              0.0,
              0.0
            ]
          },