{
  "variant": "iq_hi",
  "loads": [
    "20u",
    "121u",
    "250u"
  ],
  "loco": {
    "corners": [
      {
        "corner": "20u",
        "kind": "extrap",
        "zout": {
          "insample": 0.15992304764190157,
          "heldout": 9.86382400059255,
          "ok": false
        },
        "psrr": {
          "insample": 0.30408771481961183,
          "heldout": 8.963118307574966,
          "ok": false
        },
        "noise": {
          "insample": 0.983004387310063,
          "heldout": 5.64195233262047,
          "ok": false
        }
      },
      {
        "corner": "121u",
        "kind": "interp",
        "zout": {
          "insample": 0.5783765725342298,
          "heldout": 1.2702666214776164,
          "ok": false
        },
        "psrr": {
          "insample": 0.303223731051196,
          "heldout": 6.20855766201308,
          "ok": false
        },
        "noise": {
          "insample": 0.8783804654137882,
          "heldout": 1.446986160643269,
          "ok": true
        }
      },
      {
        "corner": "250u",
        "kind": "extrap",
        "zout": {
          "insample": 0.4867637070602483,
          "heldout": 1.5451139501698918,
          "ok": false
        },
        "psrr": {
          "insample": 0.2542135600717508,
          "heldout": 5.7047225017521015,
          "ok": false
        },
        "noise": {
          "insample": 0.9072301536033615,
          "heldout": 1.426924151979478,
          "ok": true
        }
      }
    ],
    "pass_": false,
    "note": "held-out mirrors the emitted model (interpolant CLAMPED to the retained-corner envelope); 'interp' (middle corner held out) is the bracketed, clamp-inactive case showing the true few-corner gap, 'extrap' end-corners are bounded by the clamp. Noise LOCO is amplitude-OOS / corner-freq-in-sample (NFK Lorentzian poles are load-independent, fit jointly)."
  },
  "identifiability": {
    "blocks": {
      "zout": {
        "per_corner": {
          "20u": {
            "cond": 2033641148309.5593,
            "rank_deficient": true,
            "colnorm_rel": {
              "R_a": 1.0,
              "L_a": 0.3522119293580623,
              "R_pl": 4.185516495809374e-08,
              "R_b": 1.0358615444228245e-07,
              "L_b": 5.257780045448e-13
            }
          },
          "121u": {
            "cond": 2180379044491.1475,
            "rank_deficient": true,
            "colnorm_rel": {
              "R_a": 1.0,
              "L_a": 0.6327063667199824,
              "R_pl": 3.8398134317596076e-08,
              "R_b": 4.806874748438351e-08,
              "L_b": 4.844054526144859e-13
            }
          },
          "250u": {
            "cond": 2453302253389.734,
            "rank_deficient": true,
            "colnorm_rel": {
              "R_a": 1.0,
              "L_a": 0.673624628904885,
              "R_pl": 3.602116557892258e-08,
              "R_b": 4.311543587391604e-08,
              "L_b": 4.178127664586687e-13
            }
          }
        },
        "classify": {
          "R_a": {
            "cls": "OK",
            "ratio": 4.943741571691475,
            "vals": [
              84.81931941776625,
              21.550951323936744,
              17.156908019515626
            ]
          },
          "L_a": {
            "cls": "OK",
            "ratio": 4.597499955201735,
            "vals": [
              1.6045917818270166e-05,
              4.495283270984195e-06,
              3.4901398530989405e-06
            ]
          },
          "R_pl": {
            "cls": "INVISIBLE",
            "ratio": 1.0000000000013323,
            "vals": [
              999999999.9997897,
              999999999.9986067,
              999999999.9999388
            ]
          },
          "R_b": {
            "cls": "INVISIBLE",
            "ratio": 1.0,
            "vals": [
              1000000000.0,
              1000000000.0,
              1000000000.0
            ]
          },
          "L_b": {
            "cls": "INVISIBLE",
            "ratio": 1.0,
            "vals": [
              1e-12,
              1e-12,
              1e-12
            ]
          }
        }
      },
      "psrr": {
        "per_corner": {
          "20u": {
            "cond": 8.705953877460369e+46,
            "rank_deficient": true,
            "colnorm_rel": {
              "G0": 1.0,
              "G1": 0.9359076701302189,
              "w1": 0.03357499197605082,
              "G2": 3.553324463691998e-14,
              "w2": 3.553324463691998e-14,
              "G3": 3.553324463691998e-14,
              "w3": 3.553324463691998e-14,
              "pcb0": 3.553324463691998e-14,
              "pcb1": 3.553324463691998e-14,
              "pcw0": 3.553324463691998e-14,
              "pcq": 3.553324463691998e-14
            }
          },
          "121u": {
            "cond": 3.132937697215814e+47,
            "rank_deficient": true,
            "colnorm_rel": {
              "G0": 1.0,
              "G1": 0.8314652797130134,
              "w1": 0.05935202520469948,
              "G2": 9.4569121839479e-14,
              "w2": 9.4569121839479e-14,
              "G3": 9.4569121839479e-14,
              "w3": 9.4569121839479e-14,
              "pcb0": 9.4569121839479e-14,
              "pcb1": 9.4569121839479e-14,
              "pcw0": 9.4569121839479e-14,
              "pcq": 9.4569121839479e-14
            }
          },
          "250u": {
            "cond": 6.855588918699713e+46,
            "rank_deficient": true,
            "colnorm_rel": {
              "G0": 1.0,
              "G1": 0.647431693529217,
              "w1": 0.07450069774103475,
              "G2": 2.0195982222606628e-13,
              "w2": 2.0195982222606628e-13,
              "G3": 2.0195982222606628e-13,
              "w3": 2.0195982222606628e-13,
              "pcb0": 2.0195982222606628e-13,
              "pcb1": 2.0195982222606628e-13,
              "pcw0": 2.0195982222606628e-13,
              "pcq": 2.0195982222606628e-13
            }
          }
        },
        "classify": {
          "G0": {
            "cls": "OK",
            "ratio": 5.706636606219668,
            "vals": [
              0.0004560831186421446,
              0.001721398374441509,
              0.00260270062032209
            ]
          },
          "G1": {
            "cls": "OK",
            "ratio": 4.066799155065672,
            "vals": [
              -0.0004269810604317591,
              -0.001443303662408375,
              -0.0017364462157929226
            ]
          },
          "w1": {
            "cls": "OK",
            "ratio": 1.079029101798911,
            "vals": [
              5909599.099720082,
              5476774.528015835,
              5714300.254852651
            ]
          },
          "G2": {
            "cls": "INVISIBLE",
            "ratio": 0.0,
            "vals": [
              0.0,
              0.0,
              0.0
            ]
          },
          "w2": {
            "cls": "INVISIBLE",
            "ratio": 1.0,
            "vals": [
              1000000000.0,
              1000000000.0,
              1000000000.0
            ]
          },
          "G3": {
            "cls": "INVISIBLE",
            "ratio": 0.0,
            "vals": [
              0.0,
              0.0,
              0.0
            ]
          },
          "w3": {
            "cls": "INVISIBLE",
            "ratio": 1.0,
            "vals": [
              1000000000.0,
              1000000000.0,
              1000000000.0
            ]
          },
          "pcb0": {
            "cls": "INVISIBLE",
            "ratio": 0.0,
            "vals": [
              0.0,
              0.0,
              0.0
            ]
          },
          "pcb1": {
            "cls": "INVISIBLE",
            "ratio": 0.0,
            "vals": [
              0.0,
              0.0,
              0.0
            ]
          },
          "pcw0": {
            "cls": "INVISIBLE",