{
  "variant": "iq_lo",
  "loads": [
    "20u",
    "121u",
    "250u"
  ],
  "loco": {
    "corners": [
      {
        "corner": "20u",
        "kind": "extrap",
        "zout": {
          "insample": 0.07828872838799826,
          "heldout": 9.397053166481369,
          "ok": false
        },
        "psrr": {
          "insample": 0.08487577287921223,
          "heldout": 8.951133266832896,
          "ok": false
        },
        "noise": {
          "insample": 1.396865356878735,
          "heldout": 6.127561961403286,
          "ok": false
        }
      },
      {
        "corner": "121u",
        "kind": "interp",
        "zout": {
          "insample": 0.1012428031254355,
          "heldout": 1.5413201907001677,
          "ok": false
        },
        "psrr": {
          "insample": 0.08425549923792738,
          "heldout": 4.965748286319746,
          "ok": false
        },
        "noise": {
          "insample": 0.8750132990049279,
          "heldout": 1.4054517749984108,
          "ok": true
        }
      },
      {
        "corner": "250u",
        "kind": "extrap",
        "zout": {
          "insample": 0.02398905982760853,
          "heldout": 2.0364258020105197,
          "ok": false
        },
        "psrr": {
          "insample": 0.07253314280706602,
          "heldout": 4.736004904424117,
          "ok": false
        },
        "noise": {
          "insample": 0.8090274514332618,
          "heldout": 1.5422798633066412,
          "ok": true
        }
      }
    ],
    "pass_": false,
    "note": "held-out mirrors the emitted model (interpolant CLAMPED to the retained-corner envelope); 'interp' (middle corner held out) is the bracketed, clamp-inactive case showing the true few-corner gap, 'extrap' end-corners are bounded by the clamp. Noise LOCO is amplitude-OOS / corner-freq-in-sample (NFK Lorentzian poles are load-independent, fit jointly)."
  },
  "identifiability": {
    "blocks": {
      "zout": {
        "per_corner": {
          "20u": {
            "cond": 2116214686998.8455,
            "rank_deficient": true,
            "colnorm_rel": {
              "R_a": 1.0,
              "L_a": 0.6496702366350352,
              "R_pl": 1.459983264493839e-07,
              "R_b": 1.8543087316600523e-07,
              "L_b": 4.917711328672513e-13
            }
          },
          "121u": {
            "cond": 1957550033052.2002,
            "rank_deficient": true,
            "colnorm_rel": {
              "R_a": 1.0,
              "L_a": 0.957462907481042,
              "R_pl": 1.1439844700615631e-07,
              "R_b": 1.2084056315805494e-07,
              "L_b": 5.367431186358237e-13
            }
          },
          "250u": {
            "cond": 2244828194915.4634,
            "rank_deficient": true,
            "colnorm_rel": {
              "R_a": 1.0,
              "L_a": 0.9161984324532353,
              "R_pl": 0.030238235604529467,
              "R_b": 9.995980556859224e-08,
              "L_b": 4.694852805562463e-13
            }
          }
        },
        "classify": {
          "R_a": {
            "cls": "OK",
            "ratio": 4.568884419312893,
            "vals": [
              84.18843466042698,
              23.128145036577568,
              18.426475028468317
            ]
          },
          "L_a": {
            "cls": "OK",
            "ratio": 4.711349339529453,
            "vals": [
              6.151448766834473e-05,
              1.704441881661137e-05,
              1.3056660254891755e-05
            ]
          },
          "R_pl": {
            "cls": "SWITCH",
            "ratio": 321172.24402921565,
            "vals": [
              999999999.9999957,
              999999999.9999957,
              3113.5940872556534
            ]
          },
          "R_b": {
            "cls": "INVISIBLE",
            "ratio": 1.0,
            "vals": [
              1000000000.0,
              1000000000.0,
              1000000000.0
            ]
          },
          "L_b": {
            "cls": "INVISIBLE",
            "ratio": 1.0,
            "vals": [
              1e-12,
              1e-12,
              1e-12
            ]
          }
        }
      },
      "psrr": {
        "per_corner": {
          "20u": {
            "cond": 8.337406983319949e+47,
            "rank_deficient": true,
            "colnorm_rel": {
              "G0": 1.0,
              "G1": 0.9249638364238845,
              "w1": 0.040292862488120286,
              "G2": 5.029131667009093e-14,
              "w2": 5.029131667009093e-14,
              "G3": 5.029131667009093e-14,
              "w3": 5.029131667009093e-14,
              "pcb0": 5.029131667009093e-14,
              "pcb1": 5.029131667009093e-14,
              "pcw0": 5.029131667009093e-14,
              "pcq": 5.029131667009093e-14
            }
          },
          "121u": {
            "cond": 3.9685662349279215e+61,
            "rank_deficient": true,
            "colnorm_rel": {
              "G0": 1.0,
              "G1": 0.8457117769466332,
              "w1": 0.060769460620604294,
              "G2": 8.088552856636808e-14,
              "w2": 8.088552856636808e-14,
              "G3": 8.088552856636808e-14,
              "w3": 8.088552856636808e-14,
              "pcb0": 8.088552856636808e-14,
              "pcb1": 8.088552856636808e-14,
              "pcw0": 8.088552856636808e-14,
              "pcq": 8.088552856636808e-14
            }
          },
          "250u": {
            "cond": 8.51098681098648e+46,
            "rank_deficient": true,
            "colnorm_rel": {
              "G0": 1.0,
              "G1": 0.6921741790861671,
              "w1": 0.07768907238661829,
              "G2": 1.7303513347322574e-13,
              "w2": 1.7303513347322574e-13,
              "G3": 1.7303513347322574e-13,
              "w3": 1.7303513347322574e-13,
              "pcb0": 1.7303513347322574e-13,
              "pcb1": 1.7303513347322574e-13,
              "pcw0": 1.7303513347322574e-13,
              "pcq": 1.7303513347322574e-13
            }
          }
        },
        "classify": {
          "G0": {
            "cls": "OK",
            "ratio": 5.580098073443063,
            "vals": [
              0.0004934970999589209,
              0.001848198463931836,
              0.002753762216730513
            ]
          },
          "G1": {
            "cls": "OK",
            "ratio": 4.305864603328759,
            "vals": [
              -0.00045734805136499,
              -0.001578595674287991,
              -0.0019692787857738935
            ]
          },
          "w1": {
            "cls": "OK",
            "ratio": 1.0313201152754339,
            "vals": [
              1392855.6489330754,
              1379626.2722702937,
              1422836.3261548164
            ]
          },
          "G2": {
            "cls": "INVISIBLE",
            "ratio": 0.0,
            "vals": [
              0.0,
              0.0,
              0.0
            ]
          },
          "w2": {
            "cls": "INVISIBLE",
            "ratio": 1.0,
            "vals": [
              1000000000.0,
              1000000000.0,
              1000000000.0
            ]
          },
          "G3": {
            "cls": "INVISIBLE",
            "ratio": 0.0,
            "vals": [
              0.0,
              0.0,
              0.0
            ]
          },
          "w3": {
            "cls": "INVISIBLE",
            "ratio": 1.0,
            "vals": [
              1000000000.0,
              1000000000.0,
              1000000000.0
            ]
          },
          "pcb0": {
            "cls": "INVISIBLE",
            "ratio": 0.0,
            "vals": [
              0.0,
              0.0,
              0.0
            ]
          },
          "pcb1": {
            "cls": "INVISIBLE",
            "ratio": 0.0,
            "vals": [
              0.0,
              0.0,
              0.0
            ]
          },