{
  "model": "ldo_v6_spur2",
  "spur_f_hz": [
    999984.3752441368,
    3703067.139575944
  ],
  "spur_phase_rad": [
    3.1355043417157202,
    3.133922553516776
  ],
  "base_hz": 15625.0,
  "max_order": 237,
  "commensurate": false
}