{
  "variant": "myldo_digest",
  "loads": [
    "100u",
    "200u",
    "300u"
  ],
  "loco": {
    "corners": [
      {
        "corner": "100u",
        "kind": "extrap",
        "zout": {
          "insample": 0.5332876520395657,
          "heldout": 4.349277843689661,
          "ok": false
        },
        "psrr": {
          "insample": 0.4502032231744936,
          "heldout": 1.1724631368995768,
          "ok": false
        },
        "noise": {
          "insample": 0.3895760097874178,
          "heldout": 0.33768124764695284,
          "ok": true
        }
      },
      {
        "corner": "200u",
        "kind": "interp",
        "zout": {
          "insample": 0.48953979045677687,
          "heldout": 0.515685448608692,
          "ok": true
        },
        "psrr": {
          "insample": 0.45084845477085106,
          "heldout": 0.8572067444831388,
          "ok": true
        },
        "noise": {
          "insample": 0.3924138488708591,
          "heldout": 0.3905938187889718,
          "ok": true
        }
      },
      {
        "corner": "300u",
        "kind": "extrap",
        "zout": {
          "insample": 0.46724162381933626,
          "heldout": 2.6647977705101384,
          "ok": false
        },
        "psrr": {
          "insample": 0.45591000202596743,
          "heldout": 0.6277809055589785,
          "ok": true
        },
        "noise": {
          "insample": 0.39689423666068757,
          "heldout": 0.44591664255942287,
          "ok": true
        }
      }
    ],
    "pass_": false,
    "note": "held-out mirrors the emitted model (interpolant CLAMPED to the retained-corner envelope); 'interp' (middle corner held out) is the bracketed, clamp-inactive case showing the true few-corner gap, 'extrap' end-corners are bounded by the clamp. Noise LOCO is amplitude-OOS / corner-freq-in-sample (NFK Lorentzian poles are load-independent, fit jointly)."
  },
  "identifiability": {
    "blocks": {
      "zout": {
        "per_corner": {
          "100u": {
            "cond": 5.369752671411528,
            "rank_deficient": false,
            "colnorm_rel": {
              "R_a": 0.18673547575292027,
              "L_a": 1.0,
              "R_pl": 0.8576885620461439,
              "R_b": 0.3041100045198194,
              "L_b": 0.2842419632245668
            }
          },
          "200u": {
            "cond": 5.422237433349647,
            "rank_deficient": false,
            "colnorm_rel": {
              "R_a": 0.18493575460692152,
              "L_a": 1.0,
              "R_pl": 0.9090599681455487,
              "R_b": 0.3050886554730377,
              "L_b": 0.2873898586760387
            }
          },
          "300u": {
            "cond": 5.465273520437803,
            "rank_deficient": false,
            "colnorm_rel": {
              "R_a": 0.18348661284895074,
              "L_a": 1.0,
              "R_pl": 0.9367362241115929,
              "R_b": 0.30443916651767594,
              "L_b": 0.2892188165295044
            }
          }
        },
        "classify": {
          "R_a": {
            "cls": "OK",
            "ratio": 2.6842000671207673,
            "vals": [
              0.3913066391942716,
              0.20824633578545163,
              0.1457814728445374
            ]
          },
          "L_a": {
            "cls": "OK",
            "ratio": 2.632400790191071,
            "vals": [
              0.00010948824132367642,
              5.88997190198755e-05,
              4.159254234068563e-05
            ]
          },
          "R_pl": {
            "cls": "OK",
            "ratio": 2.514046846949146,
            "vals": [
              757.0566879737856,
              418.3180316419919,
              301.13070044517724
            ]
          },
          "R_b": {
            "cls": "OK",
            "ratio": 2.6486370701481445,
            "vals": [
              345.1411633828914,
              184.89151736906456,
              130.30896806242572
            ]
          },
          "L_b": {
            "cls": "OK",
            "ratio": 2.5869369337641808,
            "vals": [
              3.797315338860696e-05,
              2.0510502293998975e-05,
              1.4678809093870438e-05
            ]
          }
        }
      },
      "psrr": {
        "per_corner": {
          "100u": {
            "cond": 4.568397226919231e+29,
            "rank_deficient": true,
            "colnorm_rel": {
              "G0": 1.0,
              "G1": 0.47504702761359413,
              "w1": 0.06460000022258094,
              "G2": 0.05876838338683818,
              "w2": 0.053203546313462635,
              "G3": 0.1382382018675379,
              "w3": 0.025057573450259562,
              "pcb0": 1.8111488732030328e-13,
              "pcb1": 1.8111488732030328e-13,
              "pcw0": 1.8111488732030328e-13,
              "pcq": 1.8111488732030328e-13
            }
          },
          "200u": {
            "cond": 1.21202553298508e+44,
            "rank_deficient": true,
            "colnorm_rel": {
              "G0": 1.0,
              "G1": 0.45395437670421235,
              "w1": 0.06286671609949168,
              "G2": 0.0590026052874718,
              "w2": 0.05350414659020789,
              "G3": 0.14588319355834561,
              "w3": 0.02635751455653207,
              "pcb0": 2.1405716107986516e-13,
              "pcb1": 2.1405716107986516e-13,
              "pcw0": 2.1405716107986516e-13,
              "pcq": 2.1405716107986516e-13
            }
          },
          "300u": {
            "cond": 1.4736770091685767e+29,
            "rank_deficient": true,
            "colnorm_rel": {
              "G0": 1.0,
              "G1": 0.42637171005874824,
              "w1": 0.05959623395822913,
              "G2": 0.05921950103218662,
              "w2": 0.05379560321069427,
              "G3": 0.16283805187275527,
              "w3": 0.0293225434866076,
              "pcb0": 2.8074801499012106e-13,
              "pcb1": 2.8074801499012106e-13,
              "pcw0": 2.8074801499012106e-13,
              "pcq": 2.8074801499012106e-13
            }
          }
        },
        "classify": {
          "G0": {
            "cls": "OK",
            "ratio": 2.561752838996154,
            "vals": [
              0.0012476102531031603,
              0.0022860428130967113,
              0.0031960691078477313
            ]
          },
          "G1": {
            "cls": "OK",
            "ratio": 2.3296920333053994,
            "vals": [
              -0.0006283812271086572,
              -0.0011090474057771193,
              -0.0014639347386737095
            ]
          },
          "w1": {
            "cls": "OK",
            "ratio": 1.0271738560277124,
            "vals": [
              13207217.06761539,
              12857820.504398692,
              12861953.999760753
            ]
          },
          "G2": {
            "cls": "OK",
            "ratio": 2.6698919311618163,
            "vals": [
              -0.0004093445364228069,
              -0.0007664580154858788,
              -0.0010929056748604264
            ]
          },
          "w2": {
            "cls": "OK",
            "ratio": 1.0203763413521412,
            "vals": [
              3578.7506639857547,
              3544.2399264548944,
              3507.285027055224
            ]
          },
          "G3": {
            "cls": "OK",
            "ratio": 3.052700816543387,
            "vals": [
              -0.00018680343768984255,
              -0.0003637137918867938,
              -0.000570255006768894
            ]
          },
          "w3": {
            "cls": "OK",
            "ratio": 1.0513490783716435,
            "vals": [
              5626802.557000024,
              5769598.361371212,
              5915733.682481183
            ]
          },
          "pcb0": {
            "cls": "INVISIBLE",
            "ratio": 0.0,