{
  "variant": "myldo_digest",
  "loads": [
    "100u",
    "200u",
    "300u"
  ],
  "loco": {
    "corners": [
      {
        "corner": "100u",
        "kind": "extrap",
        "zout": {
          "insample": 0.4865992034869289,
          "heldout": 4.53355267680544,
          "ok": false
        },
        "psrr": {
          "insample": 0.38895534142102195,
          "heldout": 1.098375476425098,
          "ok": false
        },
        "noise": {
          "insample": 0.4107802187039831,
          "heldout": 0.31557077126769645,
          "ok": true
        }
      },
      {
        "corner": "200u",
        "kind": "interp",
        "zout": {
          "insample": 0.44727875957041896,
          "heldout": 0.4764150688300348,
          "ok": true
        },
        "psrr": {
          "insample": 0.3325889581391566,
          "heldout": 0.8188923066664093,
          "ok": true
        },
        "noise": {
          "insample": 0.4207387797881316,
          "heldout": 0.4244695922971275,
          "ok": true
        }
      },
      {
        "corner": "300u",
        "kind": "extrap",
        "zout": {
          "insample": 0.4272240151747172,
          "heldout": 2.740170882571559,
          "ok": false
        },
        "psrr": {
          "insample": 0.3042529119778294,
          "heldout": 0.3410317497152291,
          "ok": true
        },
        "noise": {
          "insample": 0.4297023440346874,
          "heldout": 0.5348277087966566,
          "ok": true
        }
      }
    ],
    "pass_": false,
    "note": "held-out mirrors the emitted model (interpolant CLAMPED to the retained-corner envelope); 'interp' (middle corner held out) is the bracketed, clamp-inactive case showing the true few-corner gap, 'extrap' end-corners are bounded by the clamp. Noise LOCO is amplitude-OOS / corner-freq-in-sample (NFK Lorentzian poles are load-independent, fit jointly)."
  },
  "identifiability": {
    "blocks": {
      "zout": {
        "per_corner": {
          "100u": {
            "cond": 6.912430935774407,
            "rank_deficient": false,
            "colnorm_rel": {
              "R_a": 0.14493995833661333,
              "L_a": 0.7778920787079644,
              "R_pl": 1.0,
              "R_b": 0.2325430192987132,
              "L_b": 0.24514580881645276
            }
          },
          "200u": {
            "cond": 7.172149843743528,
            "rank_deficient": false,
            "colnorm_rel": {
              "R_a": 0.13965196246860362,
              "L_a": 0.7567870954388243,
              "R_pl": 1.0,
              "R_b": 0.22665317298059803,
              "L_b": 0.23680177526215798
            }
          },
          "300u": {
            "cond": 7.33375065817189,
            "rank_deficient": false,
            "colnorm_rel": {
              "R_a": 0.136557192170735,
              "L_a": 0.7458649565171224,
              "R_pl": 1.0,
              "R_b": 0.22268884047663476,
              "L_b": 0.23295158710961528
            }
          }
        },
        "classify": {
          "R_a": {
            "cls": "OK",
            "ratio": 2.683808931287672,
            "vals": [
              0.39120183975307216,
              0.208215796474978,
              0.14576367013033836
            ]
          },
          "L_a": {
            "cls": "OK",
            "ratio": 2.6322808768064174,
            "vals": [
              0.00010967125335610332,
              5.899919831792577e-05,
              4.166396311367829e-05
            ]
          },
          "R_pl": {
            "cls": "OK",
            "ratio": 2.516418791398145,
            "vals": [
              758.4825959489413,
              418.978934605222,
              301.4135002256605
            ]
          },
          "R_b": {
            "cls": "OK",
            "ratio": 2.634430672447386,
            "vals": [
              341.22447677176706,
              183.57500204374816,
              129.5249407549486
            ]
          },
          "L_b": {
            "cls": "OK",
            "ratio": 2.5845822105193816,
            "vals": [
              3.9995144844835635e-05,
              2.1603559095914208e-05,
              1.5474510612219395e-05
            ]
          }
        }
      },
      "psrr": {
        "per_corner": {
          "100u": {
            "cond": 1.2614358737453885e+30,
            "rank_deficient": true,
            "colnorm_rel": {
              "G0": 1.0,
              "G1": 0.09187251595899272,
              "w1": 0.013423210344372381,
              "G2": 0.00872671527265729,
              "w2": 0.007814660198046648,
              "G3": 0.8465719773695186,
              "w3": 0.0023083917906425327,
              "pcb0": 4.70436936245557e-14,
              "pcb1": 4.70436936245557e-14,
              "pcw0": 4.70436936245557e-14,
              "pcq": 4.70436936245557e-14
            }
          },
          "200u": {
            "cond": 2.0639316233785336e+30,
            "rank_deficient": true,
            "colnorm_rel": {
              "G0": 1.0,
              "G1": 0.11794197267976199,
              "w1": 0.017533259625847515,
              "G2": 0.01155859691742888,
              "w2": 0.010381188552181708,
              "G3": 0.7969772370841213,
              "w3": 0.004070069252372291,
              "pcb0": 5.908052651644033e-14,
              "pcb1": 5.908052651644033e-14,
              "pcw0": 5.908052651644033e-14,
              "pcq": 5.908052651644033e-14
            }
          },
          "300u": {
            "cond": 9.165447356405789e+29,
            "rank_deficient": true,
            "colnorm_rel": {
              "G0": 1.0,
              "G1": 0.13894534246240353,
              "w1": 0.020964829900320205,
              "G2": 0.013961402039085762,
              "w2": 0.012565621451519618,
              "G3": 0.7554032960728245,
              "w3": 0.005482910678619845,
              "pcb0": 7.799243339007508e-14,
              "pcb1": 7.799243339007508e-14,
              "pcw0": 7.799243339007508e-14,
              "pcq": 7.799243339007508e-14
            }
          }
        },
        "classify": {
          "G0": {
            "cls": "OK",
            "ratio": 1.603328190127525,
            "vals": [
              0.008199494069279884,
              0.011341767908842492,
              0.01314647998605989
            ]
          },
          "G1": {
            "cls": "OK",
            "ratio": 2.468045047068015,
            "vals": [
              -0.0008318301760738804,
              -0.0014923266180214083,
              -0.002052994346060855
            ]
          },
          "w1": {
            "cls": "OK",
            "ratio": 1.0592958863100148,
            "vals": [
              11249285.13614341,
              10867735.460562777,
              10619587.29522639
            ]
          },
          "G2": {
            "cls": "OK",
            "ratio": 2.679612990224433,
            "vals": [
              -0.0003934705606330641,
              -0.000739216763979063,
              -0.0010543488255432489
            ]
          },
          "w2": {
            "cls": "OK",
            "ratio": 1.0278426453709728,
            "vals": [
              3803.6322102644917,
              3743.57396678561,
              3700.597778652851
            ]
          },
          "G3": {
            "cls": "OK",
            "ratio": 1.431621661681085,
            "vals": [
              -0.006931306496012147,
              -0.009029831213837944,
              -0.00992300852344181
            ]
          },
          "w3": {
            "cls": "OK",
            "ratio": 1.242925466213716,
            "vals": [
              558209404930.4918,
              488414416503.4756,
              449109315163.4806
            ]
          },
          "pcb0": {
            "cls": "INVISIBLE",
            "ratio": 0.0,
            "vals": [
              0.0,
              0.0,
              0.0
            ]
          },