{
  "variant": "v10_3lc",
  "loads": [
    "20u",
    "121u",
    "250u"
  ],
  "loco": {
    "corners": [
      {
        "corner": "20u",
        "kind": "extrap",
        "zout": {
          "insample": 6.651790379179583,
          "heldout": 10.004744233341462,
          "ok": true
        },
        "psrr": {
          "insample": 6.70281359312864,
          "heldout": 14.931574060114995,
          "ok": false
        },
        "noise": {
          "insample": 4.025668945473347,
          "heldout": 6.638313745424891,
          "ok": true
        }
      },
      {
        "corner": "121u",
        "kind": "interp",
        "zout": {
          "insample": 6.64356075983551,
          "heldout": 6.817347370050183,
          "ok": true
        },
        "psrr": {
          "insample": 9.165401453798454,
          "heldout": 14.435161443435886,
          "ok": true
        },
        "noise": {
          "insample": 3.5561247479869453,
          "heldout": 3.910308289911419,
          "ok": true
        }
      },
      {
        "corner": "250u",
        "kind": "extrap",
        "zout": {
          "insample": 6.64034109914007,
          "heldout": 6.834670925953015,
          "ok": true
        },
        "psrr": {
          "insample": 7.162801629437072,
          "heldout": 7.147008673436264,
          "ok": true
        },
        "noise": {
          "insample": 3.533142739509831,
          "heldout": 3.7170221170779008,
          "ok": true
        }
      }
    ],
    "pass_": false,
    "note": "held-out mirrors the emitted model (interpolant CLAMPED to the retained-corner envelope); 'interp' (middle corner held out) is the bracketed, clamp-inactive case showing the true few-corner gap, 'extrap' end-corners are bounded by the clamp. Noise LOCO is amplitude-OOS / corner-freq-in-sample (NFK Lorentzian poles are load-independent, fit jointly)."
  },
  "identifiability": {
    "blocks": {
      "zout": {
        "per_corner": {
          "20u": {
            "cond": 1862783537780.8875,
            "rank_deficient": true,
            "colnorm_rel": {
              "R_a": 1.0,
              "L_a": 0.001064856648602569,
              "R_pl": 1.9839763953446234e-06,
              "R_b": 8.641683017968801e-08,
              "L_b": 5.94185447666889e-13
            }
          },
          "121u": {
            "cond": 2084723511654.784,
            "rank_deficient": true,
            "colnorm_rel": {
              "R_a": 1.0,
              "L_a": 0.20589771581011965,
              "R_pl": 0.06867444729420945,
              "R_b": 2.645304064508716e-08,
              "L_b": 5.5546320575396e-13
            }
          },
          "250u": {
            "cond": 2442717619922.3013,
            "rank_deficient": true,
            "colnorm_rel": {
              "R_a": 1.0,
              "L_a": 0.24028422453900816,
              "R_pl": 0.07246004864464797,
              "R_b": 2.1471393977026022e-08,
              "L_b": 4.2319756082784107e-13
            }
          }
        },
        "classify": {
          "R_a": {
            "cls": "OK",
            "ratio": 4.700711253194466,
            "vals": [
              86.42135422890435,
              23.452749755098925,
              18.38474000507368
            ]
          },
          "L_a": {
            "cls": "OK",
            "ratio": 80.39212119193415,
            "vals": [
              1.0059639385137225e-07,
              8.087157485971057e-06,
              6.428111256497701e-06
            ]
          },
          "R_pl": {
            "cls": "OK",
            "ratio": 135.06807486101627,
            "vals": [
              9156.094652057312,
              67.94199247677669,
              67.78874031838275
            ]
          },
          "R_b": {
            "cls": "INVISIBLE",
            "ratio": 1.0,
            "vals": [
              1000000000.0,
              1000000000.0,
              1000000000.0
            ]
          },
          "L_b": {
            "cls": "INVISIBLE",
            "ratio": 1.0,
            "vals": [
              1e-12,
              1e-12,
              1e-12
            ]
          }
        }
      },
      "psrr": {
        "per_corner": {
          "20u": {
            "cond": 8.495767672926874e+47,
            "rank_deficient": true,
            "colnorm_rel": {
              "G0": 1.0,
              "G1": 0.9421702008560536,
              "w1": 0.032279605385599035,
              "G2": 3.3700896935518056e-14,
              "w2": 3.3700896935518056e-14,
              "G3": 3.3700896935518056e-14,
              "w3": 3.3700896935518056e-14,
              "pcb0": 3.3700896935518056e-14,
              "pcb1": 3.3700896935518056e-14,
              "pcw0": 3.3700896935518056e-14,
              "pcq": 3.3700896935518056e-14
            }
          },
          "121u": {
            "cond": 322016.2005225976,
            "rank_deficient": false,
            "colnorm_rel": {
              "G0": 0.20938225719226555,
              "G1": 1.0,
              "w1": 0.05049486930806709,
              "G2": 0.02892938046455295,
              "w2": 0.004468928393738938,
              "G3": 0.022969144911848326,
              "w3": 0.002614747045635699,
              "pcb0": 0.7087727686301465,
              "pcb1": 0.03950326150014234,
              "pcw0": 0.009425701635730562,
              "pcq": 0.0015212060443058153
            }
          },
          "250u": {
            "cond": 291204.0030664467,
            "rank_deficient": false,
            "colnorm_rel": {
              "G0": 0.2095899046104568,
              "G1": 1.0,
              "w1": 0.054952307562081304,
              "G2": 0.022309228714102448,
              "w2": 0.0037630979393911902,
              "G3": 0.019848631536299264,
              "w3": 0.002520665650337843,
              "pcb0": 0.7142530694898213,
              "pcb1": 0.04300457665803052,
              "pcw0": 0.0101660554429994,
              "pcq": 0.0016992814417354808
            }
          }
        },
        "classify": {
          "G0": {
            "cls": "OK",
            "ratio": 15.3324902599203,
            "vals": [
              0.0005573213495071485,
              -0.005771050976624152,
              -0.008545124162963992
            ]
          },
          "G1": {
            "cls": "OK",
            "ratio": 77.88520319870445,
            "vals": [
              -0.0005251306660300676,
              0.02764834139136422,
              0.04089990862962282
            ]
          },
          "w1": {
            "cls": "OK",
            "ratio": 204.06154738277326,
            "vals": [
              3546045.272742959,
              723611485.4452965,
              723611448.9908776
            ]
          },
          "G2": {
            "cls": "SWITCH",
            "ratio": 1.0048951471582161e+297,
            "vals": [
              0.0,
              -0.0008628178507432913,
              -0.0010048951471582162
            ]
          },
          "w2": {
            "cls": "OK",
            "ratio": 463.8583297231671,
            "vals": [
              1000000000.0,
              2155830.640352637,
              2249874.5760027557
            ]
          },
          "G3": {
            "cls": "SWITCH",
            "ratio": 8.212075784189452e+296,
            "vals": [
              0.0,
              -0.0006408257754519254,
              -0.0008212075784189452
            ]
          },
          "w3": {
            "cls": "OK",
            "ratio": 5.707907794522609,
            "vals": [
              1000000000.0,
              175706519.77706134,
              175195542.0442521
            ]
          },
          "pcb0": {
            "cls": "SWITCH",
            "ratio": 2.907141661545749e+298,
            "vals": [
              0.0,
              -0.019503954165064053,
              -0.02907141661545749
            ]
          },
          "pcb1": {
            "cls": "SWITCH",