{
  "variant": "v1_nmos",
  "loads": [
    "20u",
    "121u",
    "250u"
  ],
  "loco": {
    "corners": [
      {
        "corner": "20u",
        "kind": "extrap",
        "zout": {
          "insample": 1.9361176964811715,
          "heldout": 11.773079129088094,
          "ok": false
        },
        "psrr": {
          "insample": 0.3235974211941628,
          "heldout": 9.35804297681318,
          "ok": false
        },
        "noise": {
          "insample": 0.5556493243846845,
          "heldout": 5.9458957533481,
          "ok": false
        }
      },
      {
        "corner": "121u",
        "kind": "interp",
        "zout": {
          "insample": 0.9764882777343245,
          "heldout": 2.136012685405531,
          "ok": false
        },
        "psrr": {
          "insample": 0.09670356661282124,
          "heldout": 4.51609015251756,
          "ok": false
        },
        "noise": {
          "insample": 0.5040587301822611,
          "heldout": 3.4132333653885443,
          "ok": false
        }
      },
      {
        "corner": "250u",
        "kind": "extrap",
        "zout": {
          "insample": 0.8994265835230764,
          "heldout": 4.77438169749709,
          "ok": false
        },
        "psrr": {
          "insample": 0.06909082521540416,
          "heldout": 3.134134734909632,
          "ok": false
        },
        "noise": {
          "insample": 0.42259430852359114,
          "heldout": 2.0502050161586287,
          "ok": false
        }
      }
    ],
    "pass_": false,
    "note": "held-out mirrors the emitted model (interpolant CLAMPED to the retained-corner envelope); 'interp' (middle corner held out) is the bracketed, clamp-inactive case showing the true few-corner gap, 'extrap' end-corners are bounded by the clamp. Noise LOCO is amplitude-OOS / corner-freq-in-sample (NFK Lorentzian poles are load-independent, fit jointly)."
  },
  "identifiability": {
    "blocks": {
      "zout": {
        "per_corner": {
          "20u": {
            "cond": 3254189261329.6953,
            "rank_deficient": true,
            "colnorm_rel": {
              "R_a": 1.0,
              "L_a": 0.011844651052416014,
              "R_pl": 1.4722332344865602e-07,
              "R_b": 2.563273200549127e-07,
              "L_b": 3.3557758351511575e-13
            }
          },
          "121u": {
            "cond": 2487362865380.6797,
            "rank_deficient": true,
            "colnorm_rel": {
              "R_a": 1.0,
              "L_a": 0.1653535013144776,
              "R_pl": 0.18960899169480722,
              "R_b": 5.6163777743843474e-08,
              "L_b": 4.241725121719565e-13
            }
          },
          "250u": {
            "cond": 2207613955648.365,
            "rank_deficient": true,
            "colnorm_rel": {
              "R_a": 1.0,
              "L_a": 0.24448804214311703,
              "R_pl": 0.23026813632954382,
              "R_b": 3.440139983554853e-08,
              "L_b": 4.86039527712728e-13
            }
          }
        },
        "classify": {
          "R_a": {
            "cls": "OK",
            "ratio": 11.679879344448729,
            "vals": [
              256.30146647575816,
              42.949554992609166,
              21.943845387202085
            ]
          },
          "L_a": {
            "cls": "OK",
            "ratio": 28.29269555708305,
            "vals": [
              2.412393550701987e-07,
              6.825311629388191e-06,
              3.618915280124961e-06
            ]
          },
          "R_pl": {
            "cls": "SWITCH",
            "ratio": 145497.03863771723,
            "vals": [
              7807821.791780314,
              54.45641139606609,
              53.663097647104216
            ]
          },
          "R_b": {
            "cls": "INVISIBLE",
            "ratio": 1.0,
            "vals": [
              1000000000.0,
              1000000000.0,
              1000000000.0
            ]
          },
          "L_b": {
            "cls": "INVISIBLE",
            "ratio": 1.0,
            "vals": [
              1e-12,
              1e-12,
              1e-12
            ]
          }
        }
      },
      "psrr": {
        "per_corner": {
          "20u": {
            "cond": 73015.30917781217,
            "rank_deficient": false,
            "colnorm_rel": {
              "G0": 1.0,
              "G1": 0.17742952991323455,
              "w1": 0.0593216000448201,
              "G2": 0.6718211829190367,
              "w2": 0.06601703290586271,
              "G3": 0.06773923028220616,
              "w3": 0.020273194594190174,
              "pcb0": 0.3371448000307512,
              "pcb1": 0.10335037470245971,
              "pcw0": 0.2597075820933093,
              "pcq": 0.12796671507523935
            }
          },
          "121u": {
            "cond": 4385.32645628082,
            "rank_deficient": false,
            "colnorm_rel": {
              "G0": 1.0,
              "G1": 0.679308814337391,
              "w1": 0.19906709355925423,
              "G2": 0.3040188983778509,
              "w2": 0.11900988536433373,
              "G3": 0.05258430654008759,
              "w3": 0.017134816858643993,
              "pcb0": 0.3436264368189541,
              "pcb1": 0.19142220264029228,
              "pcw0": 0.5057445875421422,
              "pcq": 0.19283583159836226
            }
          },
          "250u": {
            "cond": 10770.06357990134,
            "rank_deficient": false,
            "colnorm_rel": {
              "G0": 1.0,
              "G1": 0.8583630032987903,
              "w1": 0.26837568807756196,
              "G2": 0.3029200945228102,
              "w2": 0.12240304730025509,
              "G3": 0.02711489854380541,
              "w3": 0.009254214980356475,
              "pcb0": 0.24554658960022496,
              "pcb1": 0.1375072184549454,
              "pcw0": 0.386479910453585,
              "pcq": 0.15127594496137714
            }
          }
        },
        "classify": {
          "G0": {
            "cls": "OK",
            "ratio": 4.851954844631404,
            "vals": [
              0.000137964290474956,
              0.00034869871739852577,
              0.0006693965075560969
            ]
          },
          "G1": {
            "cls": "OK",
            "ratio": 44.558278070692964,
            "vals": [
              -2.7559568130996852e-05,
              0.0004994233977831749,
              0.0012280069002891657
            ]
          },
          "w1": {
            "cls": "OK",
            "ratio": 33.34984195859755,
            "vals": [
              117325587.58732004,
              3518025.2947817533,
              4303754.822984449
            ]
          },
          "G2": {
            "cls": "OK",
            "ratio": 2.711231469122034,
            "vals": [
              -9.315664646904868e-05,
              -0.00012979896221283679,
              -0.0002525692314647608
            ]
          },
          "w2": {
            "cls": "OK",
            "ratio": 12.662212580067964,
            "vals": [
              1180027099.2910762,
              93192804.32462479,
              93192886.5618642
            ]
          },
          "G3": {
            "cls": "OK",
            "ratio": 2.0245355346983946,
            "vals": [
              1.0209864662289668e-05,
              -2.0606984662511757e-05,
              -2.0670233813266857e-05
            ]
          },
          "w3": {
            "cls": "OK",
            "ratio": 1.1444668323377736,
            "vals": [
              158394706.02591503,
              181277487.46455184,
              177405470.69202232
            ]
          },
          "pcb0": {
            "cls": "OK",
            "ratio": 2.6139294009636838,
            "vals": [
              0.00010914934168746022,
              0.0002164252859150701,
              0.00028530867333268335
            ]
          },