{
  "variant": "v2_capless",
  "loads": [
    "20u",
    "121u",
    "250u"
  ],
  "loco": {
    "corners": [
      {
        "corner": "20u",
        "kind": "extrap",
        "zout": {
          "insample": 1.1970057637854556,
          "heldout": 10.47785356205728,
          "ok": false
        },
        "psrr": {
          "insample": 0.30134903620740194,
          "heldout": 7.879811786621183,
          "ok": false
        },
        "noise": {
          "insample": 1.588077442863625,
          "heldout": 4.353294164275173,
          "ok": false
        }
      },
      {
        "corner": "121u",
        "kind": "interp",
        "zout": {
          "insample": 0.5097125563908892,
          "heldout": 1.409031331182002,
          "ok": false
        },
        "psrr": {
          "insample": 0.28904021869011715,
          "heldout": 5.820305355552647,
          "ok": false
        },
        "noise": {
          "insample": 1.8405726968094331,
          "heldout": 1.6766425524538129,
          "ok": true
        }
      },
      {
        "corner": "250u",
        "kind": "extrap",
        "zout": {
          "insample": 0.24315621354110584,
          "heldout": 1.702787216532538,
          "ok": false
        },
        "psrr": {
          "insample": 0.16748720683352758,
          "heldout": 5.396336885588883,
          "ok": false
        },
        "noise": {
          "insample": 1.9672624847602977,
          "heldout": 1.7938073133075092,
          "ok": true
        }
      }
    ],
    "pass_": false,
    "note": "held-out mirrors the emitted model (interpolant CLAMPED to the retained-corner envelope); 'interp' (middle corner held out) is the bracketed, clamp-inactive case showing the true few-corner gap, 'extrap' end-corners are bounded by the clamp. Noise LOCO is amplitude-OOS / corner-freq-in-sample (NFK Lorentzian poles are load-independent, fit jointly)."
  },
  "identifiability": {
    "blocks": {
      "zout": {
        "per_corner": {
          "20u": {
            "cond": 2567535929583.066,
            "rank_deficient": true,
            "colnorm_rel": {
              "R_a": 1.0,
              "L_a": 0.5790730577091429,
              "R_pl": 1.8907332723432876e-07,
              "R_b": 2.1488472923651532e-07,
              "L_b": 4.0943090995346796e-13
            }
          },
          "121u": {
            "cond": 2191599295401.1047,
            "rank_deficient": true,
            "colnorm_rel": {
              "R_a": 1.0,
              "L_a": 0.6053040941499535,
              "R_pl": 1.075259640614905e-07,
              "R_b": 1.1178914731122954e-07,
              "L_b": 4.947262859049292e-13
            }
          },
          "250u": {
            "cond": 2250708432285.977,
            "rank_deficient": true,
            "colnorm_rel": {
              "R_a": 1.0,
              "L_a": 0.6006096455925279,
              "R_pl": 9.60532823034204e-08,
              "R_b": 9.929069676931114e-08,
              "L_b": 4.810871769561332e-13
            }
          }
        },
        "classify": {
          "R_a": {
            "cls": "OK",
            "ratio": 4.121766886013841,
            "vals": [
              79.00550361837222,
              23.230052163887805,
              19.16787285725865
            ]
          },
          "L_a": {
            "cls": "OK",
            "ratio": 4.325429150889769,
            "vals": [
              1.6955087916077612e-05,
              4.977133073240265e-06,
              3.919862590418303e-06
            ]
          },
          "R_pl": {
            "cls": "INVISIBLE",
            "ratio": 1.0000000000002487,
            "vals": [
              999999999.9999957,
              999999999.999747,
              999999999.999843
            ]
          },
          "R_b": {
            "cls": "INVISIBLE",
            "ratio": 1.0,
            "vals": [
              1000000000.0,
              1000000000.0,
              1000000000.0
            ]
          },
          "L_b": {
            "cls": "INVISIBLE",
            "ratio": 1.0,
            "vals": [
              1e-12,
              1e-12,
              1e-12
            ]
          }
        }
      },
      "psrr": {
        "per_corner": {
          "20u": {
            "cond": 5960.3256799061,
            "rank_deficient": false,
            "colnorm_rel": {
              "G0": 1.0,
              "G1": 0.7849816045877465,
              "w1": 0.018029549270468452,
              "G2": 0.25272732790165553,
              "w2": 0.01029612794768394,
              "G3": 0.19714364842979262,
              "w3": 0.0021023754620203327,
              "pcb0": 0.11510685614696203,
              "pcb1": 0.002127370468753462,
              "pcw0": 0.012055996574244296,
              "pcq": 0.0029162733342136134
            }
          },
          "121u": {
            "cond": 3.8050611971317835e+46,
            "rank_deficient": true,
            "colnorm_rel": {
              "G0": 1.0,
              "G1": 0.8727565812953851,
              "w1": 0.052272458421858535,
              "G2": 7.31119800422503e-14,
              "w2": 7.31119800422503e-14,
              "G3": 7.31119800422503e-14,
              "w3": 7.31119800422503e-14,
              "pcb0": 7.31119800422503e-14,
              "pcb1": 7.31119800422503e-14,
              "pcw0": 7.31119800422503e-14,
              "pcq": 7.31119800422503e-14
            }
          },
          "250u": {
            "cond": 5.256614417363665e+61,
            "rank_deficient": true,
            "colnorm_rel": {
              "G0": 1.0,
              "G1": 0.7033296679654182,
              "w1": 0.07386824500064558,
              "G2": 1.8031643384833954e-13,
              "w2": 1.8031643384833954e-13,
              "G3": 1.8031643384833954e-13,
              "w3": 1.8031643384833954e-13,
              "pcb0": 1.8031643384833954e-13,
              "pcb1": 1.8031643384833954e-13,
              "pcw0": 1.8031643384833954e-13,
              "pcq": 1.8031643384833954e-13
            }
          }
        },
        "classify": {
          "G0": {
            "cls": "OK",
            "ratio": 5.406824289202822,
            "vals": [
              0.0005370631570674542,
              0.0020608614747374587,
              0.0029038061224682613
            ]
          },
          "G1": {
            "cls": "OK",
            "ratio": 4.970207803441164,
            "vals": [
              -0.0004211526889293923,
              -0.001808287857419546,
              -0.0020932163809570946
            ]
          },
          "w1": {
            "cls": "OK",
            "ratio": 1.25481296238262,
            "vals": [
              4659692.771069788,
              3713456.0374815012,
              3836734.018114983
            ]
          },
          "G2": {
            "cls": "SWITCH",
            "ratio": 1.3577903319239254e+296,
            "vals": [
              -0.00013577903319239254,
              0.0,
              0.0
            ]
          },
          "w2": {
            "cls": "OK",
            "ratio": 501.0527962973692,
            "vals": [
              1995797.6632197285,
              1000000000.0,
              1000000000.0
            ]
          },
          "G3": {
            "cls": "SWITCH",
            "ratio": 1.0581897983924531e+296,
            "vals": [
              0.00010581897983924531,
              0.0,
              0.0
            ]
          },
          "w3": {
            "cls": "OK",
            "ratio": 14.284708786952274,
            "vals": [
              70004927.29074079,
              1000000000.0,
              1000000000.0
            ]
          },
          "pcb0": {
            "cls": "SWITCH",
            "ratio": 6.175028198250898e+295,
            "vals": [
              -6.175028198250898e-05,
              0.0,
              0.0
            ]
          },
          "pcb1": {
            "cls": "SWITCH",