{
  "variant": "v3_miller",
  "loads": [
    "20u",
    "121u",
    "250u"
  ],
  "loco": {
    "corners": [
      {
        "corner": "20u",
        "kind": "extrap",
        "zout": {
          "insample": 0.13024889236306977,
          "heldout": 8.782442078712183,
          "ok": false
        },
        "psrr": {
          "insample": 0.2675511249484027,
          "heldout": 6.291201062779565,
          "ok": false
        },
        "noise": {
          "insample": 1.6339326182139318,
          "heldout": 4.948549540615767,
          "ok": false
        }
      },
      {
        "corner": "121u",
        "kind": "interp",
        "zout": {
          "insample": 0.49558987074926486,
          "heldout": 1.3083864133232626,
          "ok": false
        },
        "psrr": {
          "insample": 0.22995621527684434,
          "heldout": 11.114546662536403,
          "ok": false
        },
        "noise": {
          "insample": 2.044408474850662,
          "heldout": 2.3202733567886935,
          "ok": true
        }
      },
      {
        "corner": "250u",
        "kind": "extrap",
        "zout": {
          "insample": 1.1387023349278456,
          "heldout": 1.5095389614192052,
          "ok": true
        },
        "psrr": {
          "insample": 0.31716357768884995,
          "heldout": 2.121008610537783,
          "ok": false
        },
        "noise": {
          "insample": 1.9473874442360943,
          "heldout": 2.3436687567706147,
          "ok": true
        }
      }
    ],
    "pass_": false,
    "note": "held-out mirrors the emitted model (interpolant CLAMPED to the retained-corner envelope); 'interp' (middle corner held out) is the bracketed, clamp-inactive case showing the true few-corner gap, 'extrap' end-corners are bounded by the clamp. Noise LOCO is amplitude-OOS / corner-freq-in-sample (NFK Lorentzian poles are load-independent, fit jointly)."
  },
  "identifiability": {
    "blocks": {
      "zout": {
        "per_corner": {
          "20u": {
            "cond": 226134795.8418397,
            "rank_deficient": false,
            "colnorm_rel": {
              "R_a": 1.0,
              "L_a": 0.7500047161725691,
              "R_pl": 8.806074342501051e-08,
              "R_b": 0.9274531871501189,
              "L_b": 0.08874767098268116
            }
          },
          "121u": {
            "cond": 233437421.65280777,
            "rank_deficient": false,
            "colnorm_rel": {
              "R_a": 0.9453307976273019,
              "L_a": 0.7223319728705639,
              "R_pl": 2.8711973962554216e-08,
              "R_b": 1.0,
              "L_b": 0.21317055294484988
            }
          },
          "250u": {
            "cond": 206351273.3258633,
            "rank_deficient": false,
            "colnorm_rel": {
              "R_a": 0.8880606813746621,
              "L_a": 0.6625956546702626,
              "R_pl": 2.058251209316194e-08,
              "R_b": 1.0,
              "L_b": 0.29317159111641855
            }
          }
        },
        "classify": {
          "R_a": {
            "cls": "OK",
            "ratio": 4.613502052727715,
            "vals": [
              5.2790228937869115,
              1.406598400425713,
              1.1442550222050318
            ]
          },
          "L_a": {
            "cls": "OK",
            "ratio": 4.0046710582447105,
            "vals": [
              0.0004432401020470168,
              0.00012897983241692693,
              0.00011068077642344328
            ]
          },
          "R_pl": {
            "cls": "INVISIBLE",
            "ratio": 1.0000000030031728,
            "vals": [
              999999999.7478561,
              999999999.727396,
              999999996.7446833
            ]
          },
          "R_b": {
            "cls": "OK",
            "ratio": 5.108095313279739,
            "vals": [
              94.33106912221817,
              27.218942931930062,
              18.466975131999117
            ]
          },
          "L_b": {
            "cls": "OK",
            "ratio": 4.235260144564325,
            "vals": [
              1.2548097413778685e-06,
              3.669122144380568e-07,
              2.9627689883190137e-07
            ]
          }
        }
      },
      "psrr": {
        "per_corner": {
          "20u": {
            "cond": 2344500.5766142467,
            "rank_deficient": false,
            "colnorm_rel": {
              "G0": 0.028142004445434084,
              "G1": 0.04011331715570327,
              "w1": 0.021843781131406337,
              "G2": 1.0,
              "w2": 0.31313703551644606,
              "G3": 0.9785308449728918,
              "w3": 0.30544313025649417,
              "pcb0": 4.276688610705162e-06,
              "pcb1": 8.661674346544751e-06,
              "pcw0": 1.7384557589907817e-05,
              "pcq": 8.013798435858884e-06
            }
          },
          "121u": {
            "cond": 36754.64385984011,
            "rank_deficient": false,
            "colnorm_rel": {
              "G0": 0.2132057593206968,
              "G1": 0.2696555141854893,
              "w1": 0.14865663921914685,
              "G2": 0.9903812657720873,
              "w2": 0.30617947536760887,
              "G3": 1.0,
              "w3": 0.31595588600054575,
              "pcb0": 0.13193204660789082,
              "pcb1": 0.11069954658624259,
              "pcw0": 0.2603411051338737,
              "pcq": 0.08745543166610553
            }
          },
          "250u": {
            "cond": 31081.07349916114,
            "rank_deficient": false,
            "colnorm_rel": {
              "G0": 0.186652296380199,
              "G1": 0.22216916273277593,
              "w1": 0.11753488767602797,
              "G2": 1.0,
              "w2": 0.3401768988312084,
              "G3": 0.9238363554864172,
              "w3": 0.32028063776223736,
              "pcb0": 0.044955632580868654,
              "pcb1": 0.07864857631261839,
              "pcw0": 0.1911989912633932,
              "pcq": 0.0566518049288127
            }
          }
        },
        "classify": {
          "G0": {
            "cls": "OK",
            "ratio": 6.183040381190993,
            "vals": [
              0.00044870701905092215,
              0.001799673987890022,
              0.0027743736181156877
            ]
          },
          "G1": {
            "cls": "OK",
            "ratio": 4.623248023261734,
            "vals": [
              0.007250661802995049,
              0.02729946524490098,
              0.03352160784803622
            ]
          },
          "w1": {
            "cls": "OK",
            "ratio": 1.1508865131971115,
            "vals": [
              11935.963280403792,
              10905.197048456354,
              10371.103617546283
            ]
          },
          "G2": {
            "cls": "OK",
            "ratio": 1.9380009277508325,
            "vals": [
              0.022025984057001943,
              0.011365311410126326,
              0.020815643050585392
            ]
          },
          "w2": {
            "cls": "OK",
            "ratio": 1.1545193285268183,
            "vals": [
              54525313.84827176,
              62950528.73182074,
              62330075.52271357
            ]
          },
          "G3": {
            "cls": "OK",
            "ratio": 1.909160109158433,
            "vals": [
              -0.021554333862824644,
              -0.011289956122289764,
              -0.01880043349068641
            ]
          },
          "w3": {
            "cls": "OK",
            "ratio": 1.410151616251245,
            "vals": [
              53404879.33562769,
              74184096.13424882,
              75308976.91083811
            ]
          },
          "pcb0": {
            "cls": "OK",
            "ratio": 231.52630711524637,