{
  "variant": "v4_ffpsrr",
  "loads": [
    "20u",
    "121u",
    "250u"
  ],
  "loco": {
    "corners": [
      {
        "corner": "20u",
        "kind": "extrap",
        "zout": {
          "insample": 0.11732192290666944,
          "heldout": 8.988951748064714,
          "ok": false
        },
        "psrr": {
          "insample": 0.08154571152288652,
          "heldout": 8.039433550081988,
          "ok": false
        },
        "noise": {
          "insample": 0.7522618092637153,
          "heldout": 5.615336606215622,
          "ok": false
        }
      },
      {
        "corner": "121u",
        "kind": "interp",
        "zout": {
          "insample": 0.12895064030811856,
          "heldout": 1.4913524418746031,
          "ok": false
        },
        "psrr": {
          "insample": 0.09244179129191246,
          "heldout": 4.869939636254591,
          "ok": false
        },
        "noise": {
          "insample": 0.295274342239493,
          "heldout": 1.2638292137396077,
          "ok": false
        }
      },
      {
        "corner": "250u",
        "kind": "extrap",
        "zout": {
          "insample": 0.12392114343029462,
          "heldout": 1.9445689867404037,
          "ok": false
        },
        "psrr": {
          "insample": 0.06895527450468639,
          "heldout": 2.0927447700039146,
          "ok": false
        },
        "noise": {
          "insample": 0.2539933456680525,
          "heldout": 1.1759074027687908,
          "ok": false
        }
      }
    ],
    "pass_": false,
    "note": "held-out mirrors the emitted model (interpolant CLAMPED to the retained-corner envelope); 'interp' (middle corner held out) is the bracketed, clamp-inactive case showing the true few-corner gap, 'extrap' end-corners are bounded by the clamp. Noise LOCO is amplitude-OOS / corner-freq-in-sample (NFK Lorentzian poles are load-independent, fit jointly)."
  },
  "identifiability": {
    "blocks": {
      "zout": {
        "per_corner": {
          "20u": {
            "cond": 55.331187942789214,
            "rank_deficient": false,
            "colnorm_rel": {
              "R_a": 1.0,
              "L_a": 0.4832253385935257,
              "R_pl": 0.04624892611429725,
              "R_b": 0.4554191968768126,
              "L_b": 0.3121064226810934
            }
          },
          "121u": {
            "cond": 36.061440038114064,
            "rank_deficient": false,
            "colnorm_rel": {
              "R_a": 1.0,
              "L_a": 0.5346010702602058,
              "R_pl": 0.050158832550729116,
              "R_b": 0.49885603432908154,
              "L_b": 0.5534327944859462
            }
          },
          "250u": {
            "cond": 22.295488740787746,
            "rank_deficient": false,
            "colnorm_rel": {
              "R_a": 1.0,
              "L_a": 0.513797359857106,
              "R_pl": 0.09509985310683776,
              "R_b": 0.48289137606726884,
              "L_b": 0.5356912294562691
            }
          }
        },
        "classify": {
          "R_a": {
            "cls": "OK",
            "ratio": 4.5684660565820225,
            "vals": [
              112.71708329550873,
              31.573848592804296,
              24.672851215149443
            ]
          },
          "L_a": {
            "cls": "OK",
            "ratio": 4.458928207022346,
            "vals": [
              0.00018970916515923,
              5.535944741707844e-05,
              4.254591156243733e-05
            ]
          },
          "R_pl": {
            "cls": "OK",
            "ratio": 3.994523411620276,
            "vals": [
              4746.64193764777,
              2790.147576307274,
              1188.2874246873962
            ]
          },
          "R_b": {
            "cls": "OK",
            "ratio": 4.91757322895208,
            "vals": [
              349.47126915298503,
              89.62543511476738,
              71.06579869425885
            ]
          },
          "L_b": {
            "cls": "OK",
            "ratio": 5.147616567774214,
            "vals": [
              0.0001378819181361064,
              3.454750955283407e-05,
              2.678558441965024e-05
            ]
          }
        }
      },
      "psrr": {
        "per_corner": {
          "20u": {
            "cond": 955514.1869466112,
            "rank_deficient": false,
            "colnorm_rel": {
              "G0": 0.016380758135972867,
              "G1": 1.0,
              "w1": 0.002573949436285973,
              "G2": 0.581035765220052,
              "w2": 0.001493524229030438,
              "G3": 0.3331536113492841,
              "w3": 0.0014379050928796874,
              "pcb0": 0.007212085221247029,
              "pcb1": 3.523893909195078e-05,
              "pcw0": 9.742313494295967e-05,
              "pcq": 2.8265363190206677e-05
            }
          },
          "121u": {
            "cond": 187161.2258214249,
            "rank_deficient": false,
            "colnorm_rel": {
              "G0": 0.022118896137785178,
              "G1": 1.0,
              "w1": 0.005328172957156909,
              "G2": 0.5315480516388781,
              "w2": 0.0026107263438871274,
              "G3": 0.42692518047795047,
              "w3": 0.0034340715357645086,
              "pcb0": 0.0008261206379387057,
              "pcb1": 4.2935031241984126e-05,
              "pcw0": 0.00019066648908846033,
              "pcq": 2.962832717995872e-05
            }
          },
          "250u": {
            "cond": 1500214.7974078262,
            "rank_deficient": false,
            "colnorm_rel": {
              "G0": 0.04443059810898397,
              "G1": 1.0,
              "w1": 0.012457993422831881,
              "G2": 0.004164088526370489,
              "w2": 0.0002666322185543588,
              "G3": 0.0008300062815242799,
              "w3": 5.9647599420352736e-05,
              "pcb0": 0.9577183242436699,
              "pcb1": 0.016012336540226574,
              "pcw0": 0.03037710337626537,
              "pcq": 0.027983856293458682
            }
          }
        },
        "classify": {
          "G0": {
            "cls": "OK",
            "ratio": 5.172161973397484,
            "vals": [
              0.0005520547627879881,
              0.0020622412592831993,
              0.0028553166513250005
            ]
          },
          "G1": {
            "cls": "OK",
            "ratio": 2.856359060090553,
            "vals": [
              -0.03226657960633842,
              -0.09216493699669781,
              -0.06512330676309488
            ]
          },
          "w1": {
            "cls": "OK",
            "ratio": 1.2439446612908094,
            "vals": [
              2463735.8255279544,
              2569218.6316279424,
              3064751.026996404
            ]
          },
          "G2": {
            "cls": "OK",
            "ratio": 186.95363410864604,
            "vals": [
              0.020103183967047255,
              0.050192290297406746,
              0.0002684745366770354
            ]
          },
          "w2": {
            "cls": "OK",
            "ratio": 262.68059102290715,
            "vals": [
              1873281.7387319126,
              1793726.9706282807,
              471177260.77836555
            ]
          },
          "G3": {
            "cls": "OK",
            "ratio": 749.6820503586989,
            "vals": [
              0.011400619416311765,
              0.04024805215034121,
              -5.368682914454708e-05
            ]
          },
          "w3": {
            "cls": "OK",
            "ratio": 421.91150476782747,
            "vals": [
              574470.023265813,
              564078.8842132223,
              237991370.84615773
            ]
          },
          "pcb0": {
            "cls": "OK",
            "ratio": 812.6101684419601,