{
  "variant": "v7_esl",
  "loads": [
    "20u",
    "121u",
    "250u"
  ],
  "loco": {
    "corners": [
      {
        "corner": "20u",
        "kind": "extrap",
        "zout": {
          "insample": 0.35898914983699115,
          "heldout": 9.690465257490326,
          "ok": false
        },
        "psrr": {
          "insample": 0.17626551090472545,
          "heldout": 8.843710407527931,
          "ok": false
        },
        "noise": {
          "insample": 1.109158642874693,
          "heldout": 5.853855595080306,
          "ok": false
        }
      },
      {
        "corner": "121u",
        "kind": "interp",
        "zout": {
          "insample": 0.5331441596847566,
          "heldout": 1.476547761295783,
          "ok": false
        },
        "psrr": {
          "insample": 0.20754699871354884,
          "heldout": 5.5896434423774,
          "ok": false
        },
        "noise": {
          "insample": 0.8648174166640628,
          "heldout": 1.3932055831584649,
          "ok": true
        }
      },
      {
        "corner": "250u",
        "kind": "extrap",
        "zout": {
          "insample": 0.37391127970895055,
          "heldout": 1.7551842273620368,
          "ok": false
        },
        "psrr": {
          "insample": 0.190000931922842,
          "heldout": 5.2300719200825245,
          "ok": false
        },
        "noise": {
          "insample": 0.8398338402539441,
          "heldout": 1.4542367522422508,
          "ok": true
        }
      }
    ],
    "pass_": false,
    "note": "held-out mirrors the emitted model (interpolant CLAMPED to the retained-corner envelope); 'interp' (middle corner held out) is the bracketed, clamp-inactive case showing the true few-corner gap, 'extrap' end-corners are bounded by the clamp. Noise LOCO is amplitude-OOS / corner-freq-in-sample (NFK Lorentzian poles are load-independent, fit jointly)."
  },
  "identifiability": {
    "blocks": {
      "zout": {
        "per_corner": {
          "20u": {
            "cond": 2496951446044.2363,
            "rank_deficient": true,
            "colnorm_rel": {
              "R_a": 1.0,
              "L_a": 0.4681024124425176,
              "R_pl": 7.134671914846247e-08,
              "R_b": 1.2273331514371557e-07,
              "L_b": 4.180211018365471e-13
            }
          },
          "121u": {
            "cond": 2108659023485.232,
            "rank_deficient": true,
            "colnorm_rel": {
              "R_a": 1.0,
              "L_a": 0.7619912072319903,
              "R_pl": 6.07389171870751e-08,
              "R_b": 6.869550211269996e-08,
              "L_b": 4.973416742373316e-13
            }
          },
          "250u": {
            "cond": 2276604094331.2324,
            "rank_deficient": true,
            "colnorm_rel": {
              "R_a": 1.0,
              "L_a": 0.7924073405067678,
              "R_pl": 5.5550629239857036e-08,
              "R_b": 6.165960117749904e-08,
              "L_b": 4.499061072068296e-13
            }
          }
        },
        "classify": {
          "R_a": {
            "cls": "OK",
            "ratio": 4.6739908813369615,
            "vals": [
              83.27720018380332,
              21.830305431873608,
              17.817150760033677
            ]
          },
          "L_a": {
            "cls": "OK",
            "ratio": 4.64907816171936,
            "vals": [
              2.771756294652121e-05,
              7.724643670414157e-06,
              5.961948150226512e-06
            ]
          },
          "R_pl": {
            "cls": "INVISIBLE",
            "ratio": 1.000000000009262,
            "vals": [
              999999999.9907339,
              999999999.9995943,
              999999999.9999957
            ]
          },
          "R_b": {
            "cls": "INVISIBLE",
            "ratio": 1.0,
            "vals": [
              1000000000.0,
              1000000000.0,
              1000000000.0
            ]
          },
          "L_b": {
            "cls": "INVISIBLE",
            "ratio": 1.0,
            "vals": [
              1e-12,
              1e-12,
              1e-12
            ]
          }
        }
      },
      "psrr": {
        "per_corner": {
          "20u": {
            "cond": 2.696425417016249e+47,
            "rank_deficient": true,
            "colnorm_rel": {
              "G0": 1.0,
              "G1": 0.9272468086189255,
              "w1": 0.03773791937515454,
              "G2": 3.807806816553468e-14,
              "w2": 3.807806816553468e-14,
              "G3": 3.807806816553468e-14,
              "w3": 3.807806816553468e-14,
              "pcb0": 3.807806816553468e-14,
              "pcb1": 3.807806816553468e-14,
              "pcw0": 3.807806816553468e-14,
              "pcq": 3.807806816553468e-14
            }
          },
          "121u": {
            "cond": 4.591760543684518e+46,
            "rank_deficient": true,
            "colnorm_rel": {
              "G0": 1.0,
              "G1": 0.832766804572174,
              "w1": 0.06086925166597802,
              "G2": 8.810788915925767e-14,
              "w2": 8.810788915925767e-14,
              "G3": 8.810788915925767e-14,
              "w3": 8.810788915925767e-14,
              "pcb0": 8.810788915925767e-14,
              "pcb1": 8.810788915925767e-14,
              "pcw0": 8.810788915925767e-14,
              "pcq": 8.810788915925767e-14
            }
          },
          "250u": {
            "cond": 4.2879437377166236e+61,
            "rank_deficient": true,
            "colnorm_rel": {
              "G0": 1.0,
              "G1": 0.6668737884980923,
              "w1": 0.07602204648910234,
              "G2": 1.6120349126776205e-13,
              "w2": 1.6120349126776205e-13,
              "G3": 1.6120349126776205e-13,
              "w3": 1.6120349126776205e-13,
              "pcb0": 1.6120349126776205e-13,
              "pcb1": 1.6120349126776205e-13,
              "pcw0": 1.6120349126776205e-13,
              "pcq": 1.6120349126776205e-13
            }
          }
        },
        "classify": {
          "G0": {
            "cls": "OK",
            "ratio": 5.621533885680393,
            "vals": [
              0.00046577064557958253,
              0.0017513709346046737,
              0.002618345467080856
            ]
          },
          "G1": {
            "cls": "OK",
            "ratio": 4.167498531080677,
            "vals": [
              -0.00043241459843154726,
              -0.0014725715288376813,
              -0.001802087203781314
            ]
          },
          "w1": {
            "cls": "OK",
            "ratio": 1.0570269880918088,
            "vals": [
              3086552.787951456,
              2920032.149343164,
              3045233.6938414406
            ]
          },
          "G2": {
            "cls": "INVISIBLE",
            "ratio": 0.0,
            "vals": [
              0.0,
              0.0,
              0.0
            ]
          },
          "w2": {
            "cls": "INVISIBLE",
            "ratio": 1.0,
            "vals": [
              1000000000.0,
              1000000000.0,
              1000000000.0
            ]
          },
          "G3": {
            "cls": "INVISIBLE",
            "ratio": 0.0,
            "vals": [
              0.0,
              0.0,
              0.0
            ]
          },
          "w3": {
            "cls": "INVISIBLE",
            "ratio": 1.0,
            "vals": [
              1000000000.0,
              1000000000.0,
              1000000000.0
            ]
          },
          "pcb0": {
            "cls": "INVISIBLE",
            "ratio": 0.0,
            "vals": [
              0.0,
              0.0,
              0.0
            ]
          },
          "pcb1": {
            "cls": "INVISIBLE",
            "ratio": 0.0,
            "vals": [
              0.0,
              0.0,
              0.0
            ]
          },