{
  "variant": "v8_dlc",
  "loads": [
    "20u",
    "121u",
    "250u"
  ],
  "loco": {
    "corners": [
      {
        "corner": "20u",
        "kind": "extrap",
        "zout": {
          "insample": 0.9591503062713271,
          "heldout": 8.139105591484594,
          "ok": false
        },
        "psrr": {
          "insample": 0.8595764968271896,
          "heldout": 9.132204390452346,
          "ok": false
        },
        "noise": {
          "insample": 1.0239384600447368,
          "heldout": 5.5616412842298715,
          "ok": false
        }
      },
      {
        "corner": "121u",
        "kind": "interp",
        "zout": {
          "insample": 0.9600233203299504,
          "heldout": 1.641104812644622,
          "ok": true
        },
        "psrr": {
          "insample": 0.8489861573111721,
          "heldout": 5.558733475582009,
          "ok": false
        },
        "noise": {
          "insample": 0.5703917935226391,
          "heldout": 1.1596655484125435,
          "ok": false
        }
      },
      {
        "corner": "250u",
        "kind": "extrap",
        "zout": {
          "insample": 0.9607492837680702,
          "heldout": 1.9465544960755796,
          "ok": false
        },
        "psrr": {
          "insample": 0.8261917436013027,
          "heldout": 5.315983842227193,
          "ok": false
        },
        "noise": {
          "insample": 0.534502980072706,
          "heldout": 1.2686589316012507,
          "ok": false
        }
      }
    ],
    "pass_": false,
    "note": "held-out mirrors the emitted model (interpolant CLAMPED to the retained-corner envelope); 'interp' (middle corner held out) is the bracketed, clamp-inactive case showing the true few-corner gap, 'extrap' end-corners are bounded by the clamp. Noise LOCO is amplitude-OOS / corner-freq-in-sample (NFK Lorentzian poles are load-independent, fit jointly)."
  },
  "identifiability": {
    "blocks": {
      "zout": {
        "per_corner": {
          "20u": {
            "cond": 2152632627324.6196,
            "rank_deficient": true,
            "colnorm_rel": {
              "R_a": 1.0,
              "L_a": 0.18146414420666745,
              "R_pl": 0.0070519187736974645,
              "R_b": 8.943227670007392e-08,
              "L_b": 5.006228662926924e-13
            }
          },
          "121u": {
            "cond": 2175347465035.8452,
            "rank_deficient": true,
            "colnorm_rel": {
              "R_a": 1.0,
              "L_a": 0.37912643769310644,
              "R_pl": 0.0034884165799072397,
              "R_b": 2.9749279062694107e-08,
              "L_b": 4.96019861091839e-13
            }
          },
          "250u": {
            "cond": 2579284501350.918,
            "rank_deficient": true,
            "colnorm_rel": {
              "R_a": 1.0,
              "L_a": 0.41483532024470643,
              "R_pl": 0.006470889280732532,
              "R_b": 2.4856936586221055e-08,
              "L_b": 4.1176775654912297e-13
            }
          }
        },
        "classify": {
          "R_a": {
            "cls": "OK",
            "ratio": 4.644367174091255,
            "vals": [
              85.27744586842059,
              23.400642161333757,
              18.361478038201508
            ]
          },
          "L_a": {
            "cls": "OK",
            "ratio": 4.553877858190523,
            "vals": [
              2.755041556698582e-05,
              7.83982735336409e-06,
              6.049880217457773e-06
            ]
          },
          "R_pl": {
            "cls": "OK",
            "ratio": 2.043758671807333,
            "vals": [
              1849.1343931096774,
              3779.184451255093,
              1933.2826728453945
            ]
          },
          "R_b": {
            "cls": "INVISIBLE",
            "ratio": 1.0,
            "vals": [
              1000000000.0,
              1000000000.0,
              1000000000.0
            ]
          },
          "L_b": {
            "cls": "INVISIBLE",
            "ratio": 1.0,
            "vals": [
              1e-12,
              1e-12,
              1e-12
            ]
          }
        }
      },
      "psrr": {
        "per_corner": {
          "20u": {
            "cond": 2.5301234824079785e+48,
            "rank_deficient": true,
            "colnorm_rel": {
              "G0": 1.0,
              "G1": 0.9322600956713959,
              "w1": 0.0359188833117367,
              "G2": 4.363216279066633e-14,
              "w2": 4.363216279066633e-14,
              "G3": 4.363216279066633e-14,
              "w3": 4.363216279066633e-14,
              "pcb0": 4.363216279066633e-14,
              "pcb1": 4.363216279066633e-14,
              "pcw0": 4.363216279066633e-14,
              "pcq": 4.363216279066633e-14
            }
          },
          "121u": {
            "cond": 1.642181955855457e+47,
            "rank_deficient": true,
            "colnorm_rel": {
              "G0": 1.0,
              "G1": 0.8512122534342436,
              "w1": 0.05715648207071777,
              "G2": 7.91674436907343e-14,
              "w2": 7.91674436907343e-14,
              "G3": 7.91674436907343e-14,
              "w3": 7.91674436907343e-14,
              "pcb0": 7.91674436907343e-14,
              "pcb1": 7.91674436907343e-14,
              "pcw0": 7.91674436907343e-14,
              "pcq": 7.91674436907343e-14
            }
          },
          "250u": {
            "cond": 5.224251051036681e+46,
            "rank_deficient": true,
            "colnorm_rel": {
              "G0": 1.0,
              "G1": 0.6922833228251046,
              "w1": 0.0748329219004864,
              "G2": 1.938587338101749e-13,
              "w2": 1.938587338101749e-13,
              "G3": 1.938587338101749e-13,
              "w3": 1.938587338101749e-13,
              "pcb0": 1.938587338101749e-13,
              "pcb1": 1.938587338101749e-13,
              "pcw0": 1.938587338101749e-13,
              "pcq": 1.938587338101749e-13
            }
          }
        },
        "classify": {
          "G0": {
            "cls": "OK",
            "ratio": 5.6469994735157645,
            "vals": [
              0.0004871151797971536,
              0.0018306769501733773,
              0.0027507391638560636
            ]
          },
          "G1": {
            "cls": "OK",
            "ratio": 4.304740770423567,
            "vals": [
              -0.0004544926360191979,
              -0.0015700657461595923,
              -0.00195647298012912
            ]
          },
          "w1": {
            "cls": "OK",
            "ratio": 1.0221526294471976,
            "vals": [
              3297230.0521411407,
              3263971.7806705083,
              3336277.3380538123
            ]
          },
          "G2": {
            "cls": "INVISIBLE",
            "ratio": 0.0,
            "vals": [
              0.0,
              0.0,
              0.0
            ]
          },
          "w2": {
            "cls": "INVISIBLE",
            "ratio": 1.0,
            "vals": [
              1000000000.0,
              1000000000.0,
              1000000000.0
            ]
          },
          "G3": {
            "cls": "INVISIBLE",
            "ratio": 0.0,
            "vals": [
              0.0,
              0.0,
              0.0
            ]
          },
          "w3": {
            "cls": "INVISIBLE",
            "ratio": 1.0,
            "vals": [
              1000000000.0,
              1000000000.0,
              1000000000.0
            ]
          },
          "pcb0": {
            "cls": "INVISIBLE",
            "ratio": 0.0,
            "vals": [
              0.0,
              0.0,
              0.0
            ]
          },
          "pcb1": {
            "cls": "INVISIBLE",
            "ratio": 0.0,
            "vals": [
              0.0,
              0.0,
              0.0
            ]
          },