{
  "variant": "v9_vldo",
  "loads": [
    "20u",
    "121u",
    "250u"
  ],
  "loco": {
    "corners": [
      {
        "corner": "20u",
        "kind": "extrap",
        "zout": {
          "insample": 0.0039826767388854755,
          "heldout": 5.670087583413139,
          "ok": false
        },
        "psrr": {
          "insample": 0.07341867451360257,
          "heldout": 10.624433206362893,
          "ok": false
        },
        "noise": {
          "insample": 1.1348963313195277,
          "heldout": 3.3125380284296977,
          "ok": false
        }
      },
      {
        "corner": "121u",
        "kind": "interp",
        "zout": {
          "insample": 0.006319466473275093,
          "heldout": 1.4890618619061373,
          "ok": false
        },
        "psrr": {
          "insample": 0.03772396967256928,
          "heldout": 4.07237384980682,
          "ok": false
        },
        "noise": {
          "insample": 0.8348144644882699,
          "heldout": 1.5303287515474369,
          "ok": true
        }
      },
      {
        "corner": "250u",
        "kind": "extrap",
        "zout": {
          "insample": 0.006058934357628775,
          "heldout": 0.7094951370652743,
          "ok": false
        },
        "psrr": {
          "insample": 0.022235462107970567,
          "heldout": 5.050052294807124,
          "ok": false
        },
        "noise": {
          "insample": 0.8378829306052361,
          "heldout": 1.224883577050439,
          "ok": true
        }
      }
    ],
    "pass_": false,
    "note": "held-out mirrors the emitted model (interpolant CLAMPED to the retained-corner envelope); 'interp' (middle corner held out) is the bracketed, clamp-inactive case showing the true few-corner gap, 'extrap' end-corners are bounded by the clamp. Noise LOCO is amplitude-OOS / corner-freq-in-sample (NFK Lorentzian poles are load-independent, fit jointly)."
  },
  "identifiability": {
    "blocks": {
      "zout": {
        "per_corner": {
          "20u": {
            "cond": 2025137571107.6284,
            "rank_deficient": true,
            "colnorm_rel": {
              "R_a": 1.0,
              "L_a": 0.3954616845306704,
              "R_pl": 0.010697140803270735,
              "R_b": 1.4271428783185867e-07,
              "L_b": 5.429907971803159e-13
            }
          },
          "121u": {
            "cond": 1944749474734.1301,
            "rank_deficient": true,
            "colnorm_rel": {
              "R_a": 1.0,
              "L_a": 0.4323350645177245,
              "R_pl": 0.0771505427730441,
              "R_b": 7.712438658399945e-08,
              "L_b": 5.797714208777175e-13
            }
          },
          "250u": {
            "cond": 1979076343461.887,
            "rank_deficient": true,
            "colnorm_rel": {
              "R_a": 1.0,
              "L_a": 0.3313162017408971,
              "R_pl": 0.11621320059945472,
              "R_b": 6.790509887504931e-08,
              "L_b": 5.460879786988086e-13
            }
          }
        },
        "classify": {
          "R_a": {
            "cls": "OK",
            "ratio": 2.2634529431962807,
            "vals": [
              108.41358952291387,
              48.210658234062024,
              47.89743469100808
            ]
          },
          "L_a": {
            "cls": "OK",
            "ratio": 2.871061170714326,
            "vals": [
              3.4456570323038406e-05,
              1.4382828229058802e-05,
              1.2001336186949141e-05
            ]
          },
          "R_pl": {
            "cls": "OK",
            "ratio": 26.068445192767957,
            "vals": [
              6266.246833730587,
              561.1515383564064,
              240.37670015966285
            ]
          },
          "R_b": {
            "cls": "INVISIBLE",
            "ratio": 1.0,
            "vals": [
              1000000000.0,
              1000000000.0,
              1000000000.0
            ]
          },
          "L_b": {
            "cls": "INVISIBLE",
            "ratio": 1.0,
            "vals": [
              1e-12,
              1e-12,
              1e-12
            ]
          }
        }
      },
      "psrr": {
        "per_corner": {
          "20u": {
            "cond": 5.777702811243909e+45,
            "rank_deficient": true,
            "colnorm_rel": {
              "G0": 1.0,
              "G1": 0.5559189213743501,
              "w1": 0.07530092018157497,
              "G2": 2.5256077936328093e-13,
              "w2": 2.5256077936328093e-13,
              "G3": 2.5256077936328093e-13,
              "w3": 2.5256077936328093e-13,
              "pcb0": 2.5256077936328093e-13,
              "pcb1": 2.5256077936328093e-13,
              "pcw0": 2.5256077936328093e-13,
              "pcq": 2.5256077936328093e-13
            }
          },
          "121u": {
            "cond": 8.592815836508084e+46,
            "rank_deficient": true,
            "colnorm_rel": {
              "G0": 1.0,
              "G1": 0.2510070823082174,
              "w1": 0.045882388158666625,
              "G2": 3.6548582941062967e-13,
              "w2": 3.6548582941062967e-13,
              "G3": 3.6548582941062967e-13,
              "w3": 3.6548582941062967e-13,
              "pcb0": 3.6548582941062967e-13,
              "pcb1": 3.6548582941062967e-13,
              "pcw0": 3.6548582941062967e-13,
              "pcq": 3.6548582941062967e-13
            }
          },
          "250u": {
            "cond": 9.919430487433599e+46,
            "rank_deficient": true,
            "colnorm_rel": {
              "G0": 1.0,
              "G1": 0.12806604160792315,
              "w1": 0.025383499481038324,
              "G2": 4.061554869364786e-13,
              "w2": 4.061554869364786e-13,
              "G3": 4.061554869364786e-13,
              "w3": 4.061554869364786e-13,
              "pcb0": 4.061554869364786e-13,
              "pcb1": 4.061554869364786e-13,
              "pcw0": 4.061554869364786e-13,
              "pcq": 4.061554869364786e-13
            }
          }
        },
        "classify": {
          "G0": {
            "cls": "OK",
            "ratio": 6.879280970895003,
            "vals": [
              0.0006466714227667296,
              0.0026552456219817414,
              0.004448634413060761
            ]
          },
          "G1": {
            "cls": "OK",
            "ratio": 1.9902574371122843,
            "vals": [
              -0.0003781949235292808,
              -0.0007527052592322628,
              -0.0006649583388519272
            ]
          },
          "w1": {
            "cls": "OK",
            "ratio": 1.086799169154227,
            "vals": [
              3161472.90590087,
              3170665.000022608,
              3435886.127436665
            ]
          },
          "G2": {
            "cls": "INVISIBLE",
            "ratio": 0.0,
            "vals": [
              0.0,
              0.0,
              0.0
            ]
          },
          "w2": {
            "cls": "INVISIBLE",
            "ratio": 1.0,
            "vals": [
              1000000000.0,
              1000000000.0,
              1000000000.0
            ]
          },
          "G3": {
            "cls": "INVISIBLE",
            "ratio": 0.0,
            "vals": [
              0.0,
              0.0,
              0.0
            ]
          },
          "w3": {
            "cls": "INVISIBLE",
            "ratio": 1.0,
            "vals": [
              1000000000.0,
              1000000000.0,
              1000000000.0
            ]
          },
          "pcb0": {
            "cls": "INVISIBLE",
            "ratio": 0.0,
            "vals": [
              0.0,
              0.0,
              0.0
            ]
          },
          "pcb1": {
            "cls": "INVISIBLE",
            "ratio": 0.0,
            "vals": [
              0.0,
              0.0,
              0.0
            ]
          },