{
  "variant": "wp_big",
  "loads": [
    "20u",
    "121u",
    "250u"
  ],
  "loco": {
    "corners": [
      {
        "corner": "20u",
        "kind": "extrap",
        "zout": {
          "insample": 0.1412009215574873,
          "heldout": 11.3811263902674,
          "ok": false
        },
        "psrr": {
          "insample": 0.1767471860326642,
          "heldout": 9.082630056041506,
          "ok": false
        },
        "noise": {
          "insample": 1.0910898669089466,
          "heldout": 6.632753912097046,
          "ok": false
        }
      },
      {
        "corner": "121u",
        "kind": "interp",
        "zout": {
          "insample": 0.5940624074870987,
          "heldout": 0.6814891308082233,
          "ok": true
        },
        "psrr": {
          "insample": 0.223948118011797,
          "heldout": 4.248450858319532,
          "ok": false
        },
        "noise": {
          "insample": 0.8269341873055672,
          "heldout": 1.368761332187691,
          "ok": true
        }
      },
      {
        "corner": "250u",
        "kind": "extrap",
        "zout": {
          "insample": 0.7200609133467285,
          "heldout": 3.3002290494758633,
          "ok": false
        },
        "psrr": {
          "insample": 0.253703820407948,
          "heldout": 4.015411712945488,
          "ok": false
        },
        "noise": {
          "insample": 0.8412966930897516,
          "heldout": 2.4925843471405655,
          "ok": false
        }
      }
    ],
    "pass_": false,
    "note": "held-out mirrors the emitted model (interpolant CLAMPED to the retained-corner envelope); 'interp' (middle corner held out) is the bracketed, clamp-inactive case showing the true few-corner gap, 'extrap' end-corners are bounded by the clamp. Noise LOCO is amplitude-OOS / corner-freq-in-sample (NFK Lorentzian poles are load-independent, fit jointly)."
  },
  "identifiability": {
    "blocks": {
      "zout": {
        "per_corner": {
          "20u": {
            "cond": 2558205634511.003,
            "rank_deficient": true,
            "colnorm_rel": {
              "R_a": 1.0,
              "L_a": 0.48300913412245694,
              "R_pl": 7.21509976749352e-08,
              "R_b": 1.1960394003114554e-07,
              "L_b": 4.030334632319413e-13
            }
          },
          "121u": {
            "cond": 3798521981882.8994,
            "rank_deficient": true,
            "colnorm_rel": {
              "R_a": 1.0,
              "L_a": 0.8503667882017307,
              "R_pl": 6.091543067461257e-08,
              "R_b": 6.59777690411246e-08,
              "L_b": 2.657993755105275e-13
            }
          },
          "250u": {
            "cond": 1937087788820.4504,
            "rank_deficient": true,
            "colnorm_rel": {
              "R_a": 1.0,
              "L_a": 0.9654710268518583,
              "R_pl": 5.593761230959457e-08,
              "R_b": 5.855365868521284e-08,
              "L_b": 5.520124969945496e-13
            }
          }
        },
        "classify": {
          "R_a": {
            "cls": "OK",
            "ratio": 7.702614279329553,
            "vals": [
              78.77292690282356,
              16.205611038204616,
              10.226778084190926
            ]
          },
          "L_a": {
            "cls": "OK",
            "ratio": 6.6783609897258716,
            "vals": [
              2.669396972894116e-05,
              6.184931269846612e-06,
              3.997083980636523e-06
            ]
          },
          "R_pl": {
            "cls": "INVISIBLE",
            "ratio": 1.0000000000010516,
            "vals": [
              999999999.9992675,
              999999999.9996156,
              999999999.998564
            ]
          },
          "R_b": {
            "cls": "INVISIBLE",
            "ratio": 1.0,
            "vals": [
              1000000000.0,
              1000000000.0,
              1000000000.0
            ]
          },
          "L_b": {
            "cls": "INVISIBLE",
            "ratio": 1.0,
            "vals": [
              1e-12,
              1e-12,
              1e-12
            ]
          }
        }
      },
      "psrr": {
        "per_corner": {
          "20u": {
            "cond": 9.79939667494064e+46,
            "rank_deficient": true,
            "colnorm_rel": {
              "G0": 1.0,
              "G1": 0.9356750811442962,
              "w1": 0.034856648290871366,
              "G2": 3.5788210543311564e-14,
              "w2": 3.5788210543311564e-14,
              "G3": 3.5788210543311564e-14,
              "w3": 3.5788210543311564e-14,
              "pcb0": 3.5788210543311564e-14,
              "pcb1": 3.5788210543311564e-14,
              "pcw0": 3.5788210543311564e-14,
              "pcq": 3.5788210543311564e-14
            }
          },
          "121u": {
            "cond": 7.678257155034566e+61,
            "rank_deficient": true,
            "colnorm_rel": {
              "G0": 1.0,
              "G1": 0.8877597622375007,
              "w1": 0.04941828306636491,
              "G2": 6.555476076482406e-14,
              "w2": 6.555476076482406e-14,
              "G3": 6.555476076482406e-14,
              "w3": 6.555476076482406e-14,
              "pcb0": 6.555476076482406e-14,
              "pcb1": 6.555476076482406e-14,
              "pcw0": 6.555476076482406e-14,
              "pcq": 6.555476076482406e-14
            }
          },
          "250u": {
            "cond": 2.7281895426762822e+48,
            "rank_deficient": true,
            "colnorm_rel": {
              "G0": 1.0,
              "G1": 0.8177653210757262,
              "w1": 0.06352324860151805,
              "G2": 1.057117425068329e-13,
              "w2": 1.057117425068329e-13,
              "G3": 1.057117425068329e-13,
              "w3": 1.057117425068329e-13,
              "pcb0": 1.057117425068329e-13,
              "pcb1": 1.057117425068329e-13,
              "pcw0": 1.057117425068329e-13,
              "pcq": 1.057117425068329e-13
            }
          }
        },
        "classify": {
          "G0": {
            "cls": "OK",
            "ratio": 7.0459198473680145,
            "vals": [
              0.0005008905381415597,
              0.002186130043146122,
              0.003529234584050461
            ]
          },
          "G1": {
            "cls": "OK",
            "ratio": 6.2249078713490995,
            "vals": [
              -0.0004689546114547859,
              -0.0019493933970925594,
              -0.002919199252150355
            ]
          },
          "w1": {
            "cls": "OK",
            "ratio": 1.1355897677745632,
            "vals": [
              3104592.5950733,
              2784016.4458788526,
              2733903.283716116
            ]
          },
          "G2": {
            "cls": "INVISIBLE",
            "ratio": 0.0,
            "vals": [
              0.0,
              0.0,
              0.0
            ]
          },
          "w2": {
            "cls": "INVISIBLE",
            "ratio": 1.0,
            "vals": [
              1000000000.0,
              1000000000.0,
              1000000000.0
            ]
          },
          "G3": {
            "cls": "INVISIBLE",
            "ratio": 0.0,
            "vals": [
              0.0,
              0.0,
              0.0
            ]
          },
          "w3": {
            "cls": "INVISIBLE",
            "ratio": 1.0,
            "vals": [
              1000000000.0,
              1000000000.0,
              1000000000.0
            ]
          },
          "pcb0": {
            "cls": "INVISIBLE",
            "ratio": 0.0,
            "vals": [
              0.0,
              0.0,
              0.0
            ]
          },
          "pcb1": {
            "cls": "INVISIBLE",
            "ratio": 0.0,
            "vals": [
              0.0,
              0.0,
              0.0
            ]
          },