# label,f0_Hz,amp_Vrt,Q,floor_Vrt,ratio_dB
PWM / loop,1.000000e+05,2.000e-06,800,6.124e-08,30.3
DC-DC f0,2.000000e+06,8.000e-06,1200,5.062e-08,44.0
DC-DC 2f0,4.000000e+06,4.000e-06,1200,5.031e-08,38.0
DC-DC 3f0,6.000000e+06,2.000e-06,1200,5.021e-08,32.0
DC-DC 4f0,8.000000e+06,1.200e-06,1200,5.016e-08,27.6
ref clk,1.920000e+07,3.000e-06,2000,5.007e-08,35.6
2x ref,3.840000e+07,1.500e-06,2000,5.003e-08,29.5
4x ref,7.680000e+07,8.000e-07,2000,5.002e-08,24.1
