{
  "variant": "base_ghz",
  "corner": "121u",
  "in_envelope": true,
  "linear": true,
  "status": "OK",
  "profile": {
    "fc": 6000000000.0,
    "delta": 20000000.0,
    "ibuf": 0.000121,
    "k": 10.0,
    "vrip": 0.01,
    "vrip_auto": 0.6219468988741259,
    "vrip_explicit": false,
    "swing_frac": 0.00016078543068712804,
    "Inom": 0.000121,
    "voutdc": 0.898480737,
    "vout_ref": 0.898480737,
    "f_hi": 10000000000.0
  },
  "plan": {
    "dt": 1.3888888888888888e-11,
    "tstop": 1.2e-06,
    "Twin": 4e-07,
    "N": 28800,
    "binhz": 2500000.0,
    "nbeat": 8
  },
  "bands": {
    "carrier": {
      "mag_db": -0.00034674062433226406,
      "ph_deg": -0.0011493190410019004,
      "gt_dbc": 0.0,
      "model_dbc": 0.0,
      "gt_abs": 5.892101150485993e-05,
      "model_abs": 5.891865942563911e-05
    },
    "lower": {
      "mag_db": -0.019695304745384147,
      "ph_deg": 2.141137250388844,
      "gt_dbc": -62.81895934576696,
      "model_dbc": -62.838307909888016,
      "gt_abs": 4.2591430476209896e-08,
      "model_abs": 4.249496357343422e-08
    },
    "upper": {
      "mag_db": -0.005169376475128248,
      "ph_deg": -2.1559574584423706,
      "gt_dbc": -62.823405585766,
      "model_dbc": -62.8282282216168,
      "gt_abs": 4.2569633830270935e-08,
      "model_abs": 4.25443062009405e-08
    },
    "base": {
      "mag_db": -0.010135193484120269,
      "ph_deg": -2.492994934389944,
      "gt_dbc": 7.799796594452317,
      "model_dbc": 7.790008141592528,
      "gt_abs": 0.00014463054527464754,
      "model_abs": 0.00014446188049420448
    }
  },
  "zout_fc": {
    "gt": 0.48695050830462755,
    "model": 0.48693106963338106,
    "db": -0.00034674062433226406
  },
  "asym": {
    "gt_db": -0.004446239999034223,
    "model_db": 0.010079688271222092
  },
  "analytic": {
    "carrier_V": 6.0576853651414616e-05,
    "base_V": 0.0001444626122626332,
    "sb_lower_V": 8.751173318433927e-08,
    "sb_upper_V": 8.751008546914409e-08,
    "Zout_fc": 0.5006351541439225,
    "PSRR_delta": 0.01444626122626332
  },
  "linearity": {
    "klin": 4.0,
    "vrip_small": 0.0025,
    "lin_err_db": 0.008009017430335774,
    "tol_db": 1.0,
    "resp_big_V": 0.00014463038083995406,
    "resp_small_V": 3.619095049924127e-05,
    "spur_ref_V": 8.350606997469771e-10
  },
  "floor_V": 3.1512060423568503e-12,
  "sb_snr_db": 82.59721321499637,
  "envelope": {
    "fmax_test": 6020000000.0,
    "f_hi": 10000000000.0,
    "ratio": 0.602
  },
  "passes": {
    "carrier": true,
    "lower": true,
    "upper": true,
    "base": true
  },
  "pass_": true,
  "lib": "C:\\code\\LDO_modeling\\results\\systest\\ldo_base_ghz.lib"
}