{
  "variant": "base",
  "corner": "121u",
  "in_envelope": true,
  "linear": true,
  "status": "OK",
  "profile": {
    "fc": 300000000.0,
    "delta": 1000000.0,
    "ibuf": 0.000121,
    "k": 10.0,
    "vrip": 0.01,
    "vrip_auto": 0.07385331589461469,
    "vrip_explicit": false,
    "swing_frac": 0.0013540353440960652,
    "Inom": 0.000121,
    "voutdc": 0.898480737,
    "vout_ref": 0.898480737,
    "f_hi": 500000000.0
  },
  "plan": {
    "dt": 2.7777777777777777e-10,
    "tstop": 2.4e-05,
    "Twin": 8e-06,
    "N": 28800,
    "binhz": 125000.0,
    "nbeat": 8
  },
  "bands": {
    "carrier": {
      "mag_db": 0.014835014371478366,
      "ph_deg": -0.09276418760978539,
      "gt_dbc": 0.0,
      "model_dbc": 0.0,
      "gt_abs": 8.474329512678015e-05,
      "model_abs": 8.488815561331137e-05
    },
    "lower": {
      "mag_db": 0.26499935631144245,
      "ph_deg": -0.08974162894913244,
      "gt_dbc": -44.54862311021098,
      "model_dbc": -44.29845876827102,
      "gt_abs": 5.01965872451108e-07,
      "model_abs": 5.175164502673e-07
    },
    "upper": {
      "mag_db": 0.3070950983104349,
      "ph_deg": -0.07278611440036274,
      "gt_dbc": -44.626194144964956,
      "model_dbc": -44.333934061026,
      "gt_abs": 4.975029264047817e-07,
      "model_abs": 5.15407097291795e-07
    },
    "base": {
      "mag_db": 0.27208457051040347,
      "ph_deg": -0.12747079809892076,
      "gt_dbc": 22.868733288460945,
      "model_dbc": 23.125982844599868,
      "gt_abs": 0.0011790765753870445,
      "model_abs": 0.0012165955956530486
    }
  },
  "zout_fc": {
    "gt": 0.7003578109651252,
    "model": 0.7015550050686891,
    "db": 0.014835014371478366
  },
  "asym": {
    "gt_db": -0.0775710347539778,
    "model_db": -0.03547529275498601
  },
  "analytic": {
    "carrier_V": 8.835743744626604e-05,
    "base_V": 0.0012165746738874812,
    "sb_lower_V": 1.0768453511923003e-06,
    "sb_upper_V": 1.0730387266624215e-06,
    "Zout_fc": 0.7302267557542648,
    "PSRR_delta": 0.12165746738874812
  },
  "linearity": {
    "klin": 4.0,
    "vrip_small": 0.0025,
    "lin_err_db": 0.01802674434761009,
    "tol_db": 1.0,
    "resp_big_V": 0.0011790765676004582,
    "resp_small_V": 0.0002941580107522459,
    "spur_ref_V": 8.029349723034716e-12
  },
  "floor_V": 2.7710709060180794e-12,
  "sb_snr_db": 105.39005511953454,
  "envelope": {
    "fmax_test": 301000000.0,
    "f_hi": 500000000.0,
    "ratio": 0.602
  },
  "passes": {
    "carrier": true,
    "lower": true,
    "upper": true,
    "base": true
  },
  "pass_": true,
  "lib": "C:\\code\\LDO_modeling\\results\\systest\\ldo_model.lib"
}