{
  "variant": "cg_hi",
  "corner": "121u",
  "in_envelope": true,
  "linear": true,
  "status": "OK",
  "profile": {
    "fc": 300000000.0,
    "delta": 1000000.0,
    "ibuf": 0.000121,
    "k": 10.0,
    "vrip": 0.005567198600256339,
    "vrip_auto": 0.005567198600256339,
    "vrip_explicit": false,
    "swing_frac": 0.01,
    "Inom": 0.000121,
    "voutdc": 0.898480737,
    "vout_ref": 0.898480737,
    "f_hi": 500000000.0
  },
  "plan": {
    "dt": 2.7777777777777777e-10,
    "tstop": 2.4e-05,
    "Twin": 8e-06,
    "N": 28800,
    "binhz": 125000.0,
    "nbeat": 8
  },
  "bands": {
    "carrier": {
      "mag_db": 0.08081644832446179,
      "ph_deg": -0.3052413540714765,
      "gt_dbc": 0.0,
      "model_dbc": 0.0,
      "gt_abs": 8.480038935594634e-05,
      "model_abs": 8.559308282025763e-05
    },
    "lower": {
      "mag_db": 0.8028972092458603,
      "ph_deg": -3.625460290400763,
      "gt_dbc": -27.653309899762103,
      "model_dbc": -26.93122913884071,
      "gt_abs": 3.5134384624366346e-06,
      "model_abs": 3.8536938664346054e-06
    },
    "upper": {
      "mag_db": 0.8182460642493977,
      "ph_deg": 3.0046274258201433,
      "gt_dbc": -27.70218904981414,
      "model_dbc": -26.964759433889206,
      "gt_abs": 3.4937223954921974e-06,
      "model_abs": 3.838846060173603e-06
    },
    "base": {
      "mag_db": 0.7233171311602211,
      "ph_deg": 3.270752799285854,
      "gt_dbc": 39.781445238083144,
      "model_dbc": 40.4239459209189,
      "gt_abs": 0.008269325901564697,
      "model_abs": 0.008987439186771815
    }
  },
  "zout_fc": {
    "gt": 0.7008296640987302,
    "model": 0.7073808497541952,
    "db": 0.08081644832446179
  },
  "asym": {
    "gt_db": -0.048879150052036247,
    "model_db": -0.0335302950484978
  },
  "analytic": {
    "carrier_V": 8.828900035994636e-05,
    "base_V": 0.00898480737,
    "sb_lower_V": 7.946680664398905e-06,
    "sb_upper_V": 7.918628023796256e-06,
    "Zout_fc": 0.7296611599995567,
    "PSRR_delta": 1.6138830343839896
  },
  "linearity": {
    "klin": 4.0,
    "vrip_small": 0.0013917996500640848,
    "lin_err_db": 0.6355142790504136,
    "tol_db": 1.0,
    "resp_big_V": 0.008269337059664667,
    "resp_small_V": 0.0022242644304339763,
    "spur_ref_V": 1.1336898906855865e-08
  },
  "floor_V": 3.3563204979678053e-12,
  "sb_snr_db": 121.16674543450284,
  "envelope": {
    "fmax_test": 301000000.0,
    "f_hi": 500000000.0,
    "ratio": 0.602
  },
  "passes": {
    "carrier": true,
    "lower": true,
    "upper": true,
    "base": true
  },
  "pass_": true,
  "lib": "C:\\code\\LDO_modeling\\results\\systest\\ldo_cg_hi.lib"
}