{
  "variant": "cout4n7",
  "corner": "121u",
  "in_envelope": true,
  "linear": true,
  "status": "OK",
  "profile": {
    "fc": 300000000.0,
    "delta": 1000000.0,
    "ibuf": 0.000121,
    "k": 10.0,
    "vrip": 0.01,
    "vrip_auto": 0.0853134368708688,
    "vrip_explicit": false,
    "swing_frac": 0.0011721483000545498,
    "Inom": 0.000121,
    "voutdc": 0.898480737,
    "vout_ref": 0.898480737,
    "f_hi": 500000000.0
  },
  "plan": {
    "dt": 2.7777777777777777e-10,
    "tstop": 2.4e-05,
    "Twin": 8e-06,
    "N": 28800,
    "binhz": 125000.0,
    "nbeat": 8
  },
  "bands": {
    "carrier": {
      "mag_db": 0.0008511726465937053,
      "ph_deg": -0.13023729783310076,
      "gt_dbc": 0.0,
      "model_dbc": 0.0,
      "gt_abs": 9.504338636620913e-05,
      "model_abs": 9.505270058709219e-05
    },
    "lower": {
      "mag_db": 0.15047833108534797,
      "ph_deg": -1.608201891100054,
      "gt_dbc": -45.7199176228728,
      "model_dbc": -45.570290464434045,
      "gt_abs": 4.919557268431499e-07,
      "model_abs": 5.005528484306529e-07
    },
    "upper": {
      "mag_db": 0.16223638517462766,
      "ph_deg": 1.374650464822158,
      "gt_dbc": -45.73356916715138,
      "model_dbc": -45.57218395462335,
      "gt_abs": 4.911831312053343e-07,
      "model_abs": 5.004437417476017e-07
    },
    "base": {
      "mag_db": 0.16917825982133375,
      "ph_deg": 1.1914468724623566,
      "gt_dbc": 20.722409615814197,
      "model_dbc": 20.890736702988942,
      "gt_abs": 0.001032862197108602,
      "model_abs": 0.001053176828681293
    }
  },
  "zout_fc": {
    "gt": 0.7854825319521416,
    "model": 0.785559508984233,
    "db": 0.0008511726465937053
  },
  "asym": {
    "gt_db": -0.013651544278576318,
    "model_db": -0.0018934901892964854
  },
  "analytic": {
    "carrier_V": 9.777266674053217e-05,
    "base_V": 0.001053152668506309,
    "sb_lower_V": 1.0297651069155117e-06,
    "sb_upper_V": 1.029626479264158e-06,
    "Zout_fc": 0.8080385681035717,
    "PSRR_delta": 0.10531526685063089
  },
  "linearity": {
    "klin": 4.0,
    "vrip_small": 0.0025,
    "lin_err_db": 0.07584509698702568,
    "tol_db": 1.0,
    "resp_big_V": 0.0010328621969258247,
    "resp_small_V": 0.0002604801575710653,
    "spur_ref_V": 1.3198511365389835e-11
  },
  "floor_V": 2.8704111499950587e-12,
  "sb_snr_db": 104.82822308448782,
  "envelope": {
    "fmax_test": 301000000.0,
    "f_hi": 500000000.0,
    "ratio": 0.602
  },
  "passes": {
    "carrier": true,
    "lower": true,
    "upper": true,
    "base": true
  },
  "pass_": true,
  "lib": "C:\\code\\LDO_modeling\\results\\systest\\ldo_cout4n7.lib"
}