{
  "variant": "cout10n",
  "corner": "121u",
  "in_envelope": true,
  "linear": true,
  "status": "OK",
  "profile": {
    "fc": 300000000.0,
    "delta": 1000000.0,
    "ibuf": 0.000121,
    "k": 10.0,
    "vrip": 0.01,
    "vrip_auto": 0.26396719016633463,
    "vrip_explicit": false,
    "swing_frac": 0.00037883496027285303,
    "Inom": 0.000121,
    "voutdc": 0.898480737,
    "vout_ref": 0.898480737,
    "f_hi": 500000000.0
  },
  "plan": {
    "dt": 2.7777777777777777e-10,
    "tstop": 2.4e-05,
    "Twin": 8e-06,
    "N": 28800,
    "binhz": 125000.0,
    "nbeat": 8
  },
  "bands": {
    "carrier": {
      "mag_db": -0.011914459572891375,
      "ph_deg": -0.08320932032444932,
      "gt_dbc": 0.0,
      "model_dbc": 0.0,
      "gt_abs": 0.000117830246324893,
      "model_abs": 0.0001176687290423555
    },
    "lower": {
      "mag_db": 0.1300812520685839,
      "ph_deg": -1.9071622531861256,
      "gt_dbc": -55.52745044795148,
      "model_dbc": -55.38545473631,
      "gt_abs": 1.971897167567876e-07,
      "model_abs": 2.001650852136775e-07
    },
    "upper": {
      "mag_db": 0.13741415193780473,
      "ph_deg": 1.7648251184789003,
      "gt_dbc": -55.53078574867622,
      "model_dbc": -55.381457137165526,
      "gt_abs": 1.971140122779224e-07,
      "model_abs": 2.0025723051745407e-07
    },
    "base": {
      "mag_db": 0.185491006884711,
      "ph_deg": 1.3004039516918595,
      "gt_dbc": 9.028587077644541,
      "model_dbc": 9.225992544102144,
      "gt_abs": 0.00033318553567891963,
      "model_abs": 0.0003403773790239761
    }
  },
  "zout_fc": {
    "gt": 0.9738036886354793,
    "model": 0.9724688350607892,
    "db": -0.011914459572891375
  },
  "asym": {
    "gt_db": -0.0033353007247477738,
    "model_db": 0.003997599144472398
  },
  "analytic": {
    "carrier_V": 0.00012098816736402718,
    "base_V": 0.0003403759143073187,
    "sb_lower_V": 4.118187034258781e-07,
    "sb_upper_V": 4.11810499292105e-07,
    "Zout_fc": 0.9999022096200594,
    "PSRR_delta": 0.034037591430731866
  },
  "linearity": {
    "klin": 4.0,
    "vrip_small": 0.0025,
    "lin_err_db": 0.02857489639733579,
    "tol_db": 1.0,
    "resp_big_V": 0.00033318553154885723,
    "resp_small_V": 8.357086311692632e-05,
    "spur_ref_V": 1.002367914239719e-11
  },
  "floor_V": 3.107964731564961e-12,
  "sb_snr_db": 96.17824487791687,
  "envelope": {
    "fmax_test": 301000000.0,
    "f_hi": 500000000.0,
    "ratio": 0.602
  },
  "passes": {
    "carrier": true,
    "lower": true,
    "upper": true,
    "base": true
  },
  "pass_": true,
  "lib": "C:\\code\\LDO_modeling\\results\\systest\\ldo_cout10n.lib"
}