{
  "variant": "esr_hi",
  "corner": "121u",
  "in_envelope": true,
  "linear": true,
  "status": "OK",
  "profile": {
    "fc": 300000000.0,
    "delta": 1000000.0,
    "ibuf": 0.000121,
    "k": 10.0,
    "vrip": 0.01,
    "vrip_auto": 0.07426805729546992,
    "vrip_explicit": false,
    "swing_frac": 0.0013464738898737781,
    "Inom": 0.000121,
    "voutdc": 0.898480737,
    "vout_ref": 0.898480737,
    "f_hi": 500000000.0
  },
  "plan": {
    "dt": 2.7777777777777777e-10,
    "tstop": 2.4e-05,
    "Twin": 8e-06,
    "N": 28800,
    "binhz": 125000.0,
    "nbeat": 8
  },
  "bands": {
    "carrier": {
      "mag_db": 0.008352416595743239,
      "ph_deg": -0.27691212060229414,
      "gt_dbc": 0.0,
      "model_dbc": 0.0,
      "gt_abs": 0.00035801758938964286,
      "model_abs": 0.0003583620273682562
    },
    "lower": {
      "mag_db": 0.2395327655989437,
      "ph_deg": -1.0050379542392882,
      "gt_dbc": -44.59358913308992,
      "model_dbc": -44.36240878408672,
      "gt_abs": 2.109720424599719e-06,
      "model_abs": 2.168710317820185e-06
    },
    "upper": {
      "mag_db": 0.2799750194157835,
      "ph_deg": 0.4771529748741324,
      "gt_dbc": -44.63985752639494,
      "model_dbc": -44.368234923574896,
      "gt_abs": 2.0985121484463808e-06,
      "model_abs": 2.1672561234078597e-06
    },
    "base": {
      "mag_db": 0.2616693606833052,
      "ph_deg": -0.06897822500436805,
      "gt_dbc": 10.315297086256102,
      "model_dbc": 10.568614030343664,
      "gt_abs": 0.0011740030315183574,
      "model_abs": 0.0012099089418118902
    }
  },
  "zout_fc": {
    "gt": 2.9588230528069657,
    "model": 2.9616696476715387,
    "db": 0.008352416595743239
  },
  "asym": {
    "gt_db": -0.04626839330501767,
    "model_db": -0.005826139488177424
  },
  "analytic": {
    "carrier_V": 0.00036870291956503864,
    "base_V": 0.0012097808529250489,
    "sb_lower_V": 4.460977775068522e-06,
    "sb_upper_V": 4.460021605132974e-06,
    "Zout_fc": 3.0471315666532117,
    "PSRR_delta": 0.12097808529250488
  },
  "linearity": {
    "klin": 4.0,
    "vrip_small": 0.0025,
    "lin_err_db": 0.017676919796370427,
    "tol_db": 1.0,
    "resp_big_V": 0.0011740030489569779,
    "resp_small_V": 0.00029290405724893793,
    "spur_ref_V": 2.238507906439946e-11
  },
  "floor_V": 5.75375924237832e-12,
  "sb_snr_db": 111.5191710634173,
  "envelope": {
    "fmax_test": 301000000.0,
    "f_hi": 500000000.0,
    "ratio": 0.602
  },
  "passes": {
    "carrier": true,
    "lower": true,
    "upper": true,
    "base": true
  },
  "pass_": true,
  "lib": "C:\\code\\LDO_modeling\\results\\systest\\ldo_esr_hi.lib"
}