{
  "variant": "iq_hi",
  "corner": "121u",
  "in_envelope": true,
  "linear": true,
  "status": "OK",
  "profile": {
    "fc": 300000000.0,
    "delta": 1000000.0,
    "ibuf": 0.000121,
    "k": 10.0,
    "vrip": 0.01,
    "vrip_auto": 0.1613064420445035,
    "vrip_explicit": false,
    "swing_frac": 0.0006199380429729557,
    "Inom": 0.000121,
    "voutdc": 0.899762985,
    "vout_ref": 0.899762985,
    "f_hi": 500000000.0
  },
  "plan": {
    "dt": 2.7777777777777777e-10,
    "tstop": 2.4e-05,
    "Twin": 8e-06,
    "N": 28800,
    "binhz": 125000.0,
    "nbeat": 8
  },
  "bands": {
    "carrier": {
      "mag_db": 0.017877842045077266,
      "ph_deg": -0.10396379660077856,
      "gt_dbc": 0.0,
      "model_dbc": 0.0,
      "gt_abs": 8.474321450040214e-05,
      "model_abs": 8.49178179201085e-05
    },
    "lower": {
      "mag_db": 0.32850619535102255,
      "ph_deg": -2.060483148911072,
      "gt_dbc": -51.38210491941129,
      "model_dbc": -51.07147656610533,
      "gt_abs": 2.2855971601853216e-07,
      "model_abs": 2.373695451203321e-07
    },
    "upper": {
      "mag_db": 0.4042649510808236,
      "ph_deg": 1.9433939253564716,
      "gt_dbc": -51.49424770233495,
      "model_dbc": -51.10786059329921,
      "gt_abs": 2.2562776873834834e-07,
      "model_abs": 2.3637731552870743e-07
    },
    "base": {
      "mag_db": 0.3551251349139115,
      "ph_deg": 1.7585745809655091,
      "gt_dbc": 16.012406107350337,
      "model_dbc": 16.34965340021917,
      "gt_abs": 0.0005354577874293293,
      "model_abs": 0.0005578038350819608
    }
  },
  "zout_fc": {
    "gt": 0.7003571446314226,
    "model": 0.7018001481000703,
    "db": 0.017877842045077266
  },
  "asym": {
    "gt_db": -0.11214278292366908,
    "model_db": -0.036384027193868296
  },
  "analytic": {
    "carrier_V": 8.838040525420147e-05,
    "base_V": 0.0005577973040604049,
    "sb_lower_V": 4.93860450702502e-07,
    "sb_upper_V": 4.921137726505039e-07,
    "Zout_fc": 0.7304165723487724,
    "PSRR_delta": 0.05577973040604048
  },
  "linearity": {
    "klin": 4.0,
    "vrip_small": 0.0025,
    "lin_err_db": 0.012754668952672077,
    "tol_db": 1.0,
    "resp_big_V": 0.0005354578024164566,
    "resp_small_V": 0.0001336680235441998,
    "spur_ref_V": 1.5083441588454246e-11
  },
  "floor_V": 2.788620308139483e-12,
  "sb_snr_db": 98.56432820768838,
  "envelope": {
    "fmax_test": 301000000.0,
    "f_hi": 500000000.0,
    "ratio": 0.602
  },
  "passes": {
    "carrier": true,
    "lower": true,
    "upper": true,
    "base": true
  },
  "pass_": true,
  "lib": "C:\\code\\LDO_modeling\\results\\systest\\ldo_iq_hi.lib"
}