{
  "variant": "iq_lo",
  "corner": "121u",
  "in_envelope": true,
  "linear": true,
  "status": "OK",
  "profile": {
    "fc": 300000000.0,
    "delta": 1000000.0,
    "ibuf": 0.000121,
    "k": 10.0,
    "vrip": 0.01,
    "vrip_auto": 0.01634284808492331,
    "vrip_explicit": false,
    "swing_frac": 0.006118884510237389,
    "Inom": 0.000121,
    "voutdc": 0.896961671,
    "vout_ref": 0.896961671,
    "f_hi": 500000000.0
  },
  "plan": {
    "dt": 2.7777777777777777e-10,
    "tstop": 2.4e-05,
    "Twin": 8e-06,
    "N": 28800,
    "binhz": 125000.0,
    "nbeat": 8
  },
  "bands": {
    "carrier": {
      "mag_db": 0.01510553034332539,
      "ph_deg": -0.0731579677430043,
      "gt_dbc": 0.0,
      "model_dbc": 0.0,
      "gt_abs": 8.475837102776758e-05,
      "model_abs": 8.490590157897753e-05
    },
    "lower": {
      "mag_db": -0.10540904047321177,
      "ph_deg": -0.4139160354997457,
      "gt_dbc": -31.0932596927428,
      "model_dbc": -31.213774263559337,
      "gt_abs": 2.36330414549793e-06,
      "model_abs": 2.3347972050270165e-06
    },
    "upper": {
      "mag_db": -0.08383861030337245,
      "ph_deg": 0.26756818168572977,
      "gt_dbc": -31.14915827594824,
      "model_dbc": -31.248102416594932,
      "gt_abs": 2.3481437896544553e-06,
      "model_abs": 2.3255878890478064e-06
    },
    "base": {
      "mag_db": -0.11143770810598434,
      "ph_deg": 0.27268086750907433,
      "gt_dbc": 36.33729814867544,
      "model_dbc": 36.21075491022613,
      "gt_abs": 0.005559650727146051,
      "model_abs": 0.005488777467216042
    }
  },
  "zout_fc": {
    "gt": 0.7004824051881618,
    "model": 0.701701665941963,
    "db": 0.01510553034332539
  },
  "asym": {
    "gt_db": -0.05589858320543736,
    "model_db": -0.034328153035598635
  },
  "analytic": {
    "carrier_V": 8.832402368392859e-05,
    "base_V": 0.0054884048749585445,
    "sb_lower_V": 4.856192510020714e-06,
    "sb_upper_V": 4.8390381326893675e-06,
    "Zout_fc": 0.7299506089580875,
    "PSRR_delta": 0.5488404874958545
  },
  "linearity": {
    "klin": 4.0,
    "vrip_small": 0.0025,
    "lin_err_db": 0.17153463556551252,
    "tol_db": 1.0,
    "resp_big_V": 0.005559650789212593,
    "resp_small_V": 0.0013627330553625278,
    "spur_ref_V": 6.311178252853318e-11
  },
  "floor_V": 2.9541111934546213e-12,
  "sb_snr_db": 117.92211837725871,
  "envelope": {
    "fmax_test": 301000000.0,
    "f_hi": 500000000.0,
    "ratio": 0.602
  },
  "passes": {
    "carrier": true,
    "lower": true,
    "upper": true,
    "base": true
  },
  "pass_": true,
  "lib": "C:\\code\\LDO_modeling\\results\\systest\\ldo_iq_lo.lib"
}