{
  "model": "ldo_v5_spur",
  "spur_f_hz": [
    999984.3752441368,
    2499960.938110342,
    3999937.500976547
  ],
  "spur_phase_rad": [
    -1.138282711397348,
    2.8622163829343874,
    3.1378093498368727
  ],
  "base_hz": 500000.0,
  "max_order": 8,
  "commensurate": true
}