{
  "variant": "v10_3lc",
  "corner": "121u",
  "in_envelope": true,
  "linear": true,
  "status": "OK",
  "profile": {
    "fc": 600000000.0,
    "delta": 2000000.0,
    "ibuf": 0.000121,
    "k": 10.0,
    "vrip": 0.01,
    "vrip_auto": 0.6401404288577434,
    "vrip_explicit": false,
    "swing_frac": 0.000156215723131936,
    "Inom": 0.000121,
    "voutdc": 0.898480737,
    "vout_ref": 0.898480737,
    "f_hi": 1000000000.0
  },
  "plan": {
    "dt": 1.3888888888888888e-10,
    "tstop": 1.2e-05,
    "Twin": 4e-06,
    "N": 28800,
    "binhz": 250000.0,
    "nbeat": 8
  },
  "bands": {
    "carrier": {
      "mag_db": -20.379844543699548,
      "ph_deg": 74.29952820052762,
      "gt_dbc": 0.0,
      "model_dbc": 0.0,
      "gt_abs": 0.00017245023299449603,
      "model_abs": 1.6507129496403495e-05
    },
    "lower": {
      "mag_db": -18.9666383890776,
      "ph_deg": 79.72547191436861,
      "gt_dbc": -64.5005331263132,
      "model_dbc": -63.087326971691255,
      "gt_abs": 1.027157707108301e-07,
      "model_abs": 1.1569250102685835e-08
    },
    "upper": {
      "mag_db": -18.499572057778185,
      "ph_deg": 69.95842712946397,
      "gt_dbc": -64.95758496649722,
      "model_dbc": -63.077312480575856,
      "gt_abs": 9.74506044313405e-08,
      "model_abs": 1.158259668823837e-08
    },
    "base": {
      "mag_db": 1.650571656582839,
      "ph_deg": -5.030853077933025,
      "gt_dbc": -3.4387198065279763,
      "model_dbc": 18.591696393754415,
      "gt_abs": 0.00011607208751578692,
      "model_abs": 0.00014036420750071615
    }
  },
  "zout_fc": {
    "gt": 1.4252085371445953,
    "model": 0.1364225578215165,
    "db": -20.379844543699548
  },
  "asym": {
    "gt_db": -0.45705184018402445,
    "model_db": 0.010014491115390779
  },
  "analytic": {
    "carrier_V": 1.698562035866847e-05,
    "base_V": 0.0001403568180505698,
    "sb_lower_V": 2.3843314124493284e-08,
    "sb_upper_V": 2.3837666303210453e-08,
    "Zout_fc": 0.14037702775759067,
    "PSRR_delta": 0.01403568180505698
  },
  "linearity": {
    "klin": 4.0,
    "vrip_small": 0.0025,
    "lin_err_db": 0.018302616188492493,
    "tol_db": 1.0,
    "resp_big_V": 0.00011607208562850583,
    "resp_small_V": 2.9079231678940996e-05,
    "spur_ref_V": 5.454568113810476e-12
  },
  "floor_V": 1.5770136914125438e-12,
  "sb_snr_db": 77.30939491745328,
  "envelope": {
    "fmax_test": 602000000.0,
    "f_hi": 1000000000.0,
    "ratio": 0.602
  },
  "passes": {
    "carrier": false,
    "lower": false,
    "upper": false,
    "base": true
  },
  "pass_": false,
  "lib": "C:\\code\\LDO_modeling\\results\\systest\\ldo_v10_3lc.lib"
}