{
  "variant": "v1_nmos",
  "corner": "121u",
  "in_envelope": true,
  "linear": true,
  "status": "OK",
  "profile": {
    "fc": 300000000.0,
    "delta": 1000000.0,
    "ibuf": 0.000121,
    "k": 10.0,
    "vrip": 0.01,
    "vrip_auto": 0.11527276187812988,
    "vrip_explicit": false,
    "swing_frac": 0.0008675076260055544,
    "Inom": 0.000121,
    "voutdc": 0.520378885,
    "vout_ref": 0.520378885,
    "f_hi": 500000000.0
  },
  "plan": {
    "dt": 2.7777777777777777e-10,
    "tstop": 2.4e-05,
    "Twin": 8e-06,
    "N": 28800,
    "binhz": 125000.0,
    "nbeat": 8
  },
  "bands": {
    "carrier": {
      "mag_db": -2.2218971605824205,
      "ph_deg": 1.0150437432262212,
      "gt_dbc": 0.0,
      "model_dbc": 0.0,
      "gt_abs": 0.0033268931554021894,
      "model_abs": 0.0025759889486635435
    },
    "lower": {
      "mag_db": -2.1830494237958864,
      "ph_deg": -14.936826061683652,
      "gt_dbc": -52.96539457219595,
      "model_dbc": -52.92654683540941,
      "gt_abs": 7.477718722016697e-06,
      "model_abs": 5.815896293068904e-06
    },
    "upper": {
      "mag_db": -2.1011538177240183,
      "ph_deg": 16.927964892722457,
      "gt_dbc": -53.04534324091194,
      "model_dbc": -52.92459989805354,
      "gt_abs": 7.409206370994927e-06,
      "model_abs": 5.817200069119538e-06
    },
    "base": {
      "mag_db": -0.047704305786233005,
      "ph_deg": 0.1605378285913552,
      "gt_dbc": -17.291560991620972,
      "model_dbc": -15.117368136824787,
      "gt_abs": 0.0004544235226266233,
      "model_abs": 0.0004519345964496304
    }
  },
  "zout_fc": {
    "gt": 27.494984755389996,
    "model": 21.289164864987963,
    "db": -2.2218971605824205
  },
  "asym": {
    "gt_db": -0.07994866871600122,
    "model_db": 0.0019469373558667342
  },
  "analytic": {
    "carrier_V": 0.002646391589156997,
    "base_V": 0.00045143265114976734,
    "sb_lower_V": 1.1946769918360086e-05,
    "sb_upper_V": 1.1946582439659594e-05,
    "Zout_fc": 21.87100486906609,
    "PSRR_delta": 0.04514326511497673
  },
  "linearity": {
    "klin": 4.0,
    "vrip_small": 0.0025,
    "lin_err_db": 0.004094885244215973,
    "tol_db": 1.0,
    "resp_big_V": 0.00045442353777355623,
    "resp_small_V": 0.00011355233858469686,
    "spur_ref_V": 1.617742489253711e-11
  },
  "floor_V": 3.7036961034130143e-11,
  "sb_snr_db": 103.91962618212528,
  "envelope": {
    "fmax_test": 301000000.0,
    "f_hi": 500000000.0,
    "ratio": 0.602
  },
  "passes": {
    "carrier": true,
    "lower": true,
    "upper": true,
    "base": true
  },
  "pass_": true,
  "lib": "C:\\code\\LDO_modeling\\results\\systest\\ldo_v1_nmos.lib"
}