{
  "variant": "v2_capless",
  "corner": "121u",
  "in_envelope": true,
  "linear": true,
  "status": "OK",
  "profile": {
    "fc": 300000000.0,
    "delta": 1000000.0,
    "ibuf": 0.000121,
    "k": 10.0,
    "vrip": 0.01,
    "vrip_auto": 0.12720421464435605,
    "vrip_explicit": false,
    "swing_frac": 0.0007861374741362544,
    "Inom": 0.000121,
    "voutdc": 0.901357359,
    "vout_ref": 0.901357359,
    "f_hi": 500000000.0
  },
  "plan": {
    "dt": 2.7777777777777777e-10,
    "tstop": 2.4e-05,
    "Twin": 8e-06,
    "N": 28800,
    "binhz": 125000.0,
    "nbeat": 8
  },
  "bands": {
    "carrier": {
      "mag_db": -0.012096609918017125,
      "ph_deg": 0.796829542861342,
      "gt_dbc": 0.0,
      "model_dbc": 0.0,
      "gt_abs": 0.013868704404183396,
      "model_abs": 0.013849403267745378
    },
    "lower": {
      "mag_db": -1.580768144016992,
      "ph_deg": -28.381983461675105,
      "gt_dbc": -47.43964841734269,
      "model_dbc": -49.00831995144167,
      "gt_abs": 5.8891615900198384e-05,
      "model_abs": 4.909249037983847e-05
    },
    "upper": {
      "mag_db": -1.6281589858837178,
      "ph_deg": 29.527184312541632,
      "gt_dbc": -47.39705266062677,
      "model_dbc": -49.01311503659247,
      "gt_abs": 5.918113074098088e-05,
      "model_abs": 4.906539612515228e-05
    },
    "base": {
      "mag_db": 0.1954003282060532,
      "ph_deg": -0.9904689417744788,
      "gt_dbc": -26.00999374076874,
      "model_dbc": -25.80249680264467,
      "gt_abs": 0.0006942824777778105,
      "model_abs": 0.0007100782678272114
    }
  },
  "zout_fc": {
    "gt": 114.61739177011071,
    "model": 114.45787824582956,
    "db": -0.012096609918017125
  },
  "asym": {
    "gt_db": 0.04259575671592973,
    "model_db": -0.004795085150795854
  },
  "analytic": {
    "carrier_V": 0.01414033453269696,
    "base_V": 0.0007085907974983851,
    "sb_lower_V": 0.00010019780918906932,
    "sb_upper_V": 0.00010019641624474181,
    "Zout_fc": 116.86226886526414,
    "PSRR_delta": 0.0708590797498385
  },
  "linearity": {
    "klin": 4.0,
    "vrip_small": 0.0025,
    "lin_err_db": 0.007762732906750003,
    "tol_db": 1.0,
    "resp_big_V": 0.0006942825065323005,
    "resp_small_V": 0.00017341557279740256,
    "spur_ref_V": 9.706538060259728e-11
  },
  "floor_V": 2.231731667449688e-10,
  "sb_snr_db": 106.84266666965354,
  "envelope": {
    "fmax_test": 301000000.0,
    "f_hi": 500000000.0,
    "ratio": 0.602
  },
  "passes": {
    "carrier": true,
    "lower": true,
    "upper": true,
    "base": true
  },
  "pass_": true,
  "lib": "C:\\code\\LDO_modeling\\results\\systest\\ldo_v2_capless.lib"
}