{
  "variant": "v3_miller",
  "corner": "121u",
  "in_envelope": true,
  "linear": true,
  "status": "OK",
  "profile": {
    "fc": 300000000.0,
    "delta": 1000000.0,
    "ibuf": 0.000121,
    "k": 10.0,
    "vrip": 0.01,
    "vrip_auto": 0.10206855668162688,
    "vrip_explicit": false,
    "swing_frac": 0.0009797336540372649,
    "Inom": 0.000121,
    "voutdc": 0.917967244,
    "vout_ref": 0.917967244,
    "f_hi": 500000000.0
  },
  "plan": {
    "dt": 2.7777777777777777e-10,
    "tstop": 2.4e-05,
    "Twin": 8e-06,
    "N": 28800,
    "binhz": 125000.0,
    "nbeat": 8
  },
  "bands": {
    "carrier": {
      "mag_db": 0.12894200886594614,
      "ph_deg": -0.044298947326246056,
      "gt_dbc": 0.0,
      "model_dbc": 0.0,
      "gt_abs": 8.473708482797212e-05,
      "model_abs": 8.600438992680298e-05
    },
    "lower": {
      "mag_db": -0.16236526533307333,
      "ph_deg": 0.12666040071919576,
      "gt_dbc": -46.63611301887306,
      "model_dbc": -46.92742029307208,
      "gt_abs": 3.947006741200152e-07,
      "model_abs": 3.8739106962090156e-07
    },
    "upper": {
      "mag_db": -0.14443741243709893,
      "ph_deg": 0.16184778759582716,
      "gt_dbc": -46.686928242951666,
      "model_dbc": -46.960307664254714,
      "gt_abs": 3.923982907223582e-07,
      "model_abs": 3.8592706471164734e-07
    },
    "base": {
      "mag_db": -0.2543765757769992,
      "ph_deg": -0.04926983580565823,
      "gt_dbc": 20.770610646905947,
      "model_dbc": 20.387292062263004,
      "gt_abs": 0.0009259852128136267,
      "model_abs": 0.000899259889546921
    }
  },
  "zout_fc": {
    "gt": 0.7003064861815878,
    "model": 0.710780082039694,
    "db": 0.12894200886594614
  },
  "asym": {
    "gt_db": -0.050815224078602755,
    "model_db": -0.03288737118262893
  },
  "analytic": {
    "carrier_V": 8.837788272149206e-05,
    "base_V": 0.0008993634022506376,
    "sb_lower_V": 7.962542593458308e-07,
    "sb_upper_V": 7.934340336326146e-07,
    "Zout_fc": 0.7303957249710088,
    "PSRR_delta": 0.08993634022506375
  },
  "linearity": {
    "klin": 4.0,
    "vrip_small": 0.0025,
    "lin_err_db": 0.005624718714525301,
    "tol_db": 1.0,
    "resp_big_V": 0.0009259852317378014,
    "resp_small_V": 0.00023134644647407565,
    "spur_ref_V": 1.936857168189018e-11
  },
  "floor_V": 3.345195946790109e-12,
  "sb_snr_db": 101.24167348827952,
  "envelope": {
    "fmax_test": 301000000.0,
    "f_hi": 500000000.0,
    "ratio": 0.602
  },
  "passes": {
    "carrier": true,
    "lower": true,
    "upper": true,
    "base": true
  },
  "pass_": true,
  "lib": "C:\\code\\LDO_modeling\\results\\systest\\ldo_v3_miller.lib"
}