{
  "variant": "v4_ffpsrr",
  "corner": "121u",
  "in_envelope": true,
  "linear": true,
  "status": "OK",
  "profile": {
    "fc": 300000000.0,
    "delta": 1000000.0,
    "ibuf": 0.000121,
    "k": 10.0,
    "vrip": 0.001295994957109102,
    "vrip_auto": 0.001295994957109102,
    "vrip_explicit": false,
    "swing_frac": 0.01,
    "Inom": 0.000121,
    "voutdc": 0.898480737,
    "vout_ref": 0.898480737,
    "f_hi": 500000000.0
  },
  "plan": {
    "dt": 2.7777777777777777e-10,
    "tstop": 2.4e-05,
    "Twin": 8e-06,
    "N": 28800,
    "binhz": 125000.0,
    "nbeat": 8
  },
  "bands": {
    "carrier": {
      "mag_db": 0.08084945665525559,
      "ph_deg": -0.16067563034794313,
      "gt_dbc": 0.0,
      "model_dbc": 0.0,
      "gt_abs": 0.0005912612535935957,
      "model_abs": 0.0005967904882661291
    },
    "lower": {
      "mag_db": 0.07832815484217202,
      "ph_deg": -2.625177147143117,
      "gt_dbc": -27.034296740507067,
      "model_dbc": -27.036818042320153,
      "gt_abs": 2.6306591613521067e-05,
      "model_abs": 2.6544893701373263e-05
    },
    "upper": {
      "mag_db": 0.09507053391636155,
      "ph_deg": 2.2845308020750914,
      "gt_dbc": -27.054751601876458,
      "model_dbc": -27.040530524615352,
      "gt_abs": 2.6244713716534137e-05,
      "model_abs": 2.653355043146591e-05
    },
    "base": {
      "mag_db": 0.0669190215179391,
      "ph_deg": 1.9081231870128565,
      "gt_dbc": 23.566067030303152,
      "model_dbc": 23.55213659516583,
      "gt_abs": 0.008914208161305733,
      "model_abs": 0.008983151465893596
    }
  },
  "zout_fc": {
    "gt": 4.886456641269386,
    "model": 4.932152795587844,
    "db": 0.08084945665525559
  },
  "asym": {
    "gt_db": -0.020454861369390686,
    "model_db": -0.003712482295200098
  },
  "analytic": {
    "carrier_V": 0.0006067695474546807,
    "base_V": 0.00898480737,
    "sb_lower_V": 5.4519237915879595e-05,
    "sb_upper_V": 5.451493355887682e-05,
    "Zout_fc": 5.014624359129592,
    "PSRR_delta": 6.932748712264953
  },
  "linearity": {
    "klin": 4.0,
    "vrip_small": 0.0003239987392772755,
    "lin_err_db": 0.012905165360438176,
    "tol_db": 1.0,
    "resp_big_V": 0.008914208089908738,
    "resp_small_V": 0.0022252433829474255,
    "spur_ref_V": 7.725609852863113e-11
  },
  "floor_V": 9.242993241684356e-12,
  "sb_snr_db": 129.15965461904062,
  "envelope": {
    "fmax_test": 301000000.0,
    "f_hi": 500000000.0,
    "ratio": 0.602
  },
  "passes": {
    "carrier": true,
    "lower": true,
    "upper": true,
    "base": true
  },
  "pass_": true,
  "lib": "C:\\code\\LDO_modeling\\results\\systest\\ldo_v4_ffpsrr.lib"
}