{
  "variant": "v5_spur",
  "corner": "121u",
  "in_envelope": true,
  "linear": true,
  "status": "OK",
  "profile": {
    "fc": 300000000.0,
    "delta": 1000000.0,
    "ibuf": 0.000121,
    "k": 10.0,
    "vrip": 0.01,
    "vrip_auto": 0.07385331589461469,
    "vrip_explicit": false,
    "swing_frac": 0.0013540353440960652,
    "Inom": 0.000121,
    "voutdc": 0.898480737,
    "vout_ref": 0.898480737,
    "f_hi": 500000000.0
  },
  "plan": {
    "dt": 2.7777777777777777e-10,
    "tstop": 2.4e-05,
    "Twin": 8e-06,
    "N": 28800,
    "binhz": 125000.0,
    "nbeat": 8
  },
  "bands": {
    "carrier": {
      "mag_db": 0.015603039895037954,
      "ph_deg": -0.09275301496138323,
      "gt_dbc": 0.0,
      "model_dbc": 0.0,
      "gt_abs": 8.474388292730481e-05,
      "model_abs": 8.489625080053765e-05
    },
    "lower": {
      "mag_db": 0.24349617290232578,
      "ph_deg": -0.6163974170560452,
      "gt_dbc": -43.88360151668052,
      "model_dbc": -43.65570838367324,
      "gt_abs": 5.419113953321702e-07,
      "model_abs": 5.573180284727153e-07
    },
    "upper": {
      "mag_db": 0.28015337006269797,
      "ph_deg": 0.500505773763397,
      "gt_dbc": -43.955034754118515,
      "model_dbc": -43.69048442395086,
      "gt_abs": 5.374729619810066e-07,
      "model_abs": 5.550911331433428e-07
    },
    "base": {
      "mag_db": 0.25141888965911624,
      "ph_deg": 0.43936551624297504,
      "gt_dbc": 23.53338000536401,
      "model_dbc": 23.76919585512809,
      "gt_abs": 0.001272850388844215,
      "model_abs": 0.0013102323076846438
    }
  },
  "zout_fc": {
    "gt": 0.7003626688207009,
    "model": 0.70162190744246,
    "db": 0.015603039895037954
  },
  "asym": {
    "gt_db": -0.07143323743799748,
    "model_db": -0.03477604027762592
  },
  "analytic": {
    "carrier_V": 8.835743744626604e-05,
    "base_V": 0.0012165746738874812,
    "sb_lower_V": 1.0768453511923003e-06,
    "sb_upper_V": 1.0730387266624215e-06,
    "Zout_fc": 0.7302267557542648,
    "PSRR_delta": 0.12165746738874812
  },
  "linearity": {
    "klin": 4.0,
    "vrip_small": 0.0025,
    "lin_err_db": 0.015396169140649008,
    "tol_db": 1.0,
    "resp_big_V": 0.001179193433643069,
    "resp_small_V": 0.00029427627657919634,
    "spur_ref_V": 0.00042016708951029224
  },
  "floor_V": 3.0915363045739774e-12,
  "sb_snr_db": 105.08379878442837,
  "envelope": {
    "fmax_test": 301000000.0,
    "f_hi": 500000000.0,
    "ratio": 0.602
  },
  "passes": {
    "carrier": true,
    "lower": true,
    "upper": true,
    "base": true
  },
  "pass_": true,
  "lib": "C:\\code\\LDO_modeling\\results\\systest\\ldo_v5_spur.lib"
}