{
  "variant": "v6_spur2",
  "corner": "121u",
  "in_envelope": true,
  "linear": true,
  "status": "OK",
  "profile": {
    "fc": 300000000.0,
    "delta": 1000000.0,
    "ibuf": 0.000121,
    "k": 10.0,
    "vrip": 0.01,
    "vrip_auto": 0.07385331589461469,
    "vrip_explicit": false,
    "swing_frac": 0.0013540353440960652,
    "Inom": 0.000121,
    "voutdc": 0.898480737,
    "vout_ref": 0.898480737,
    "f_hi": 500000000.0
  },
  "plan": {
    "dt": 2.7777777777777777e-10,
    "tstop": 2.4e-05,
    "Twin": 8e-06,
    "N": 28800,
    "binhz": 125000.0,
    "nbeat": 8
  },
  "bands": {
    "carrier": {
      "mag_db": 0.01561648443440731,
      "ph_deg": -0.09270143775417546,
      "gt_dbc": 0.0,
      "model_dbc": 0.0,
      "gt_abs": 8.47437512262551e-05,
      "model_abs": 8.489625027008296e-05
    },
    "lower": {
      "mag_db": 0.3769632257336953,
      "ph_deg": 0.47916229020199197,
      "gt_dbc": -47.47327553726687,
      "model_dbc": -47.11192879596758,
      "gt_abs": 3.584626470547194e-07,
      "model_abs": 3.743622672116272e-07
    },
    "upper": {
      "mag_db": 0.4149738204301196,
      "ph_deg": -0.671693752122094,
      "gt_dbc": -47.547527442617664,
      "model_dbc": -47.14817010662195,
      "gt_abs": 3.5541136589342394e-07,
      "model_abs": 3.728035191031277e-07
    },
    "base": {
      "mag_db": 0.37990323706784795,
      "ph_deg": -0.6987461495953577,
      "gt_dbc": 19.947656743586176,
      "model_dbc": 20.31194349621962,
      "gt_abs": 0.000842346007071338,
      "model_abs": 0.0008800061016298078
    }
  },
  "zout_fc": {
    "gt": 0.7003615803822735,
    "model": 0.7016219030585369,
    "db": 0.01561648443440731
  },
  "asym": {
    "gt_db": -0.07425190535079565,
    "model_db": -0.03624131065437088
  },
  "analytic": {
    "carrier_V": 8.835743744626604e-05,
    "base_V": 0.0012165746738874812,
    "sb_lower_V": 1.0768453511923003e-06,
    "sb_upper_V": 1.0730387266624215e-06,
    "Zout_fc": 0.7302267557542648,
    "PSRR_delta": 0.12165746738874812
  },
  "linearity": {
    "klin": 4.0,
    "vrip_small": 0.0025,
    "lin_err_db": 0.0058443910923529074,
    "tol_db": 1.0,
    "resp_big_V": 0.0011774180196520493,
    "resp_small_V": 0.0002941565120441865,
    "spur_ref_V": 0.00037435176998828985
  },
  "floor_V": 3.046083501015824e-12,
  "sb_snr_db": 101.75476397911558,
  "envelope": {
    "fmax_test": 301000000.0,
    "f_hi": 500000000.0,
    "ratio": 0.602
  },
  "passes": {
    "carrier": true,
    "lower": true,
    "upper": true,
    "base": true
  },
  "pass_": true,
  "lib": "C:\\code\\LDO_modeling\\results\\systest\\ldo_v6_spur2.lib"
}