{
  "variant": "v7_esl",
  "corner": "121u",
  "in_envelope": true,
  "linear": true,
  "status": "OK",
  "profile": {
    "fc": 1200000000.0,
    "delta": 4000000.0,
    "ibuf": 0.000121,
    "k": 10.0,
    "vrip": 0.01,
    "vrip_auto": 0.10332466441100376,
    "vrip_explicit": false,
    "swing_frac": 0.0009678231288728998,
    "Inom": 0.000121,
    "voutdc": 0.898480737,
    "vout_ref": 0.898480737,
    "f_hi": 2000000000.0
  },
  "plan": {
    "dt": 6.944444444444444e-11,
    "tstop": 6e-06,
    "Twin": 2e-06,
    "N": 28800,
    "binhz": 500000.0,
    "nbeat": 8
  },
  "bands": {
    "carrier": {
      "mag_db": -18.84371664880742,
      "ph_deg": -98.03406748470391,
      "gt_dbc": 0.0,
      "model_dbc": 0.0,
      "gt_abs": 0.000536687771122392,
      "model_abs": 6.13106424848343e-05
    },
    "lower": {
      "mag_db": -18.61876019715853,
      "ph_deg": -98.34888103392562,
      "gt_dbc": -47.4573087920091,
      "model_dbc": -47.232352340360215,
      "gt_abs": 2.2743445584242217e-06,
      "model_abs": 2.6663567131803697e-07
    },
    "upper": {
      "mag_db": -18.93896581773148,
      "ph_deg": -97.78353967025201,
      "gt_dbc": -47.143619581828524,
      "model_dbc": -47.23886875075258,
      "gt_abs": 2.3579832760616454e-06,
      "model_abs": 2.664357083976873e-07
    },
    "base": {
      "mag_db": 0.06316809067005126,
      "ph_deg": 0.16066391381812042,
      "gt_dbc": 4.128569887497661,
      "model_dbc": 23.035454626975135,
      "gt_abs": 0.0008632770471310353,
      "model_abs": 0.00086957810976191
    }
  },
  "zout_fc": {
    "gt": 4.4354361249784455,
    "model": 0.5066995246680521,
    "db": -18.84371664880742
  },
  "asym": {
    "gt_db": 0.3136892101805735,
    "model_db": -0.006516410392370163
  },
  "analytic": {
    "carrier_V": 6.312917286804212e-05,
    "base_V": 0.0008695704381153689,
    "sb_lower_V": 5.49071962625069e-07,
    "sb_upper_V": 5.488344494278837e-07,
    "Zout_fc": 0.5217287013887778,
    "PSRR_delta": 0.08695704381153689
  },
  "linearity": {
    "klin": 4.0,
    "vrip_small": 0.0025,
    "lin_err_db": 0.030628622263558114,
    "tol_db": 1.0,
    "resp_big_V": 0.0008632772117340004,
    "resp_small_V": 0.00021658167922294306,
    "spur_ref_V": 1.681091106059569e-10
  },
  "floor_V": 2.4994861675809675e-12,
  "sb_snr_db": 100.55483383993047,
  "envelope": {
    "fmax_test": 1204000000.0,
    "f_hi": 2000000000.0,
    "ratio": 0.602
  },
  "passes": {
    "carrier": false,
    "lower": false,
    "upper": false,
    "base": true
  },
  "pass_": false,
  "lib": "C:\\code\\LDO_modeling\\results\\systest\\ldo_v7_esl.lib"
}