{
  "variant": "v8_dlc",
  "corner": "121u",
  "in_envelope": true,
  "linear": true,
  "status": "OK",
  "profile": {
    "fc": 600000000.0,
    "delta": 2000000.0,
    "ibuf": 0.000121,
    "k": 10.0,
    "vrip": 0.01,
    "vrip_auto": 0.30577029552856333,
    "vrip_explicit": false,
    "swing_frac": 0.00032704288631810077,
    "Inom": 0.000121,
    "voutdc": 0.898480737,
    "vout_ref": 0.898480737,
    "f_hi": 1000000000.0
  },
  "plan": {
    "dt": 1.3888888888888888e-10,
    "tstop": 1.2e-05,
    "Twin": 4e-06,
    "N": 28800,
    "binhz": 250000.0,
    "nbeat": 8
  },
  "bands": {
    "carrier": {
      "mag_db": 0.04372097057986441,
      "ph_deg": -2.845197892164471,
      "gt_dbc": 0.0,
      "model_dbc": 0.0,
      "gt_abs": 5.948530680086871e-05,
      "model_abs": 5.978548467396323e-05
    },
    "lower": {
      "mag_db": 0.6490215831466756,
      "ph_deg": -4.558355558320622,
      "gt_dbc": -57.269131773597984,
      "model_dbc": -56.66383116103118,
      "gt_abs": 8.146163400334427e-08,
      "model_abs": 8.778174226102987e-08
    },
    "upper": {
      "mag_db": 0.6499881795531139,
      "ph_deg": -1.1304419805545085,
      "gt_dbc": -57.26610494807409,
      "model_dbc": -56.65983773910084,
      "gt_abs": 8.149002638802771e-08,
      "model_abs": 8.782211004669873e-08
    },
    "base": {
      "mag_db": 0.6048218816325925,
      "ph_deg": 1.704460192560289,
      "gt_dbc": 13.269273087065795,
      "model_dbc": 13.830373998118525,
      "gt_abs": 0.0002740774848380279,
      "model_abs": 0.0002938423944256936
    }
  },
  "zout_fc": {
    "gt": 0.4916141057923034,
    "model": 0.49409491466085315,
    "db": 0.04372097057986441
  },
  "asym": {
    "gt_db": 0.003026825523902879,
    "model_db": 0.003993421930343005
  },
  "analytic": {
    "carrier_V": 6.148085829203506e-05,
    "base_V": 0.0002938417335296944,
    "sb_lower_V": 1.8066177857716793e-07,
    "sb_upper_V": 1.8065111417598725e-07,
    "Zout_fc": 0.5081062668763228,
    "PSRR_delta": 0.029384173352969438
  },
  "linearity": {
    "klin": 4.0,
    "vrip_small": 0.0025,
    "lin_err_db": 0.023178010789832726,
    "tol_db": 1.0,
    "resp_big_V": 0.00027407748177404406,
    "resp_small_V": 6.87024563003488e-05,
    "spur_ref_V": 3.136739130423497e-12
  },
  "floor_V": 3.029566981202614e-12,
  "sb_snr_db": 89.2404727498017,
  "envelope": {
    "fmax_test": 602000000.0,
    "f_hi": 1000000000.0,
    "ratio": 0.602
  },
  "passes": {
    "carrier": true,
    "lower": true,
    "upper": true,
    "base": true
  },
  "pass_": true,
  "lib": "C:\\code\\LDO_modeling\\results\\systest\\ldo_v8_dlc.lib"
}