{
  "variant": "v9_vldo",
  "corner": "121u",
  "in_envelope": true,
  "linear": true,
  "status": "OK",
  "profile": {
    "fc": 300000000.0,
    "delta": 1000000.0,
    "ibuf": 0.000121,
    "k": 10.0,
    "vrip": 0.01,
    "vrip_auto": 0.021817646223929114,
    "vrip_explicit": false,
    "swing_frac": 0.0045834458480824665,
    "Inom": 0.000121,
    "voutdc": 0.995490976,
    "vout_ref": 0.995490976,
    "f_hi": 500000000.0
  },
  "plan": {
    "dt": 2.7777777777777777e-10,
    "tstop": 2.4e-05,
    "Twin": 8e-06,
    "N": 28800,
    "binhz": 125000.0,
    "nbeat": 8
  },
  "bands": {
    "carrier": {
      "mag_db": 0.011746262157655112,
      "ph_deg": -0.009405777097531737,
      "gt_dbc": 0.0,
      "model_dbc": 0.0,
      "gt_abs": 8.460010329353205e-05,
      "model_abs": 8.471458865649207e-05
    },
    "lower": {
      "mag_db": -0.12458546499462735,
      "ph_deg": -0.7711214178636411,
      "gt_dbc": -32.68186650134967,
      "model_dbc": -32.81819822850195,
      "gt_abs": 1.96461550950766e-06,
      "model_abs": 1.936637312431534e-06
    },
    "upper": {
      "mag_db": 0.003351939427372088,
      "ph_deg": 1.040791355050118,
      "gt_dbc": -32.84411861456957,
      "model_dbc": -32.85251293729985,
      "gt_abs": 1.928257203996702e-06,
      "model_abs": 1.9290014741764557e-06
    },
    "base": {
      "mag_db": -0.04331717830253512,
      "ph_deg": 0.4856271374371593,
      "gt_dbc": 34.68120733518691,
      "model_dbc": 34.626143894726724,
      "gt_abs": 0.004585970535086732,
      "model_abs": 0.004563156892545791
    }
  },
  "zout_fc": {
    "gt": 0.6991744073845624,
    "model": 0.7001205674090254,
    "db": 0.011746262157655112
  },
  "asym": {
    "gt_db": -0.16225211321989697,
    "model_db": -0.03431470879789833
  },
  "analytic": {
    "carrier_V": 8.816405615947483e-05,
    "base_V": 0.004562778980750763,
    "sb_lower_V": 4.029862863014016e-06,
    "sb_upper_V": 4.015657671637461e-06,
    "Zout_fc": 0.7286285633014449,
    "PSRR_delta": 0.45627789807507624
  },
  "linearity": {
    "klin": 4.0,
    "vrip_small": 0.0025,
    "lin_err_db": 0.06092372309882954,
    "tol_db": 1.0,
    "resp_big_V": 0.004585970505511195,
    "resp_small_V": 0.0011384791457438367,
    "spur_ref_V": 2.98321947724156e-11
  },
  "floor_V": 3.638941767159365e-12,
  "sb_snr_db": 114.48714907551133,
  "envelope": {
    "fmax_test": 301000000.0,
    "f_hi": 500000000.0,
    "ratio": 0.602
  },
  "passes": {
    "carrier": true,
    "lower": true,
    "upper": true,
    "base": true
  },
  "pass_": true,
  "lib": "C:\\code\\LDO_modeling\\results\\systest\\ldo_v9_vldo.lib"
}