{
  "variant": "wp_big",
  "corner": "121u",
  "in_envelope": true,
  "linear": true,
  "status": "OK",
  "profile": {
    "fc": 300000000.0,
    "delta": 1000000.0,
    "ibuf": 0.000121,
    "k": 10.0,
    "vrip": 0.01,
    "vrip_auto": 0.08161238803339356,
    "vrip_explicit": false,
    "swing_frac": 0.0012253041775849363,
    "Inom": 0.000121,
    "voutdc": 0.900198993,
    "vout_ref": 0.900198993,
    "f_hi": 500000000.0
  },
  "plan": {
    "dt": 2.7777777777777777e-10,
    "tstop": 2.4e-05,
    "Twin": 8e-06,
    "N": 28800,
    "binhz": 125000.0,
    "nbeat": 8
  },
  "bands": {
    "carrier": {
      "mag_db": 0.016543757307073376,
      "ph_deg": -0.09894098747875338,
      "gt_dbc": 0.0,
      "model_dbc": 0.0,
      "gt_abs": 8.474545064749884e-05,
      "model_abs": 8.49070166190605e-05
    },
    "lower": {
      "mag_db": 0.32187428265646645,
      "ph_deg": 0.09984537252591581,
      "gt_dbc": -45.45548834131729,
      "model_dbc": -45.1501578159679,
      "gt_abs": 4.5221188931205363e-07,
      "model_abs": 4.6928393853164983e-07
    },
    "upper": {
      "mag_db": 0.3480599708570959,
      "ph_deg": -0.29249434139908287,
      "gt_dbc": -45.517508377365715,
      "model_dbc": -45.1859921638157,
      "gt_abs": 4.4899445191477684e-07,
      "model_abs": 4.6735185749479475e-07
    },
    "base": {
      "mag_db": 0.3187704507231676,
      "ph_deg": -0.28177772131026074,
      "gt_dbc": 21.97064016988168,
      "model_dbc": 22.27286686329777,
      "gt_abs": 0.0010632818532629643,
      "model_abs": 0.001103028984156804
    }
  },
  "zout_fc": {
    "gt": 0.7003756251859409,
    "model": 0.7017108811492604,
    "db": 0.016543757307073376
  },
  "asym": {
    "gt_db": -0.0620200360484295,
    "model_db": -0.03583434784779926
  },
  "analytic": {
    "carrier_V": 8.836914521880331e-05,
    "base_V": 0.0011030175867806527,
    "sb_lower_V": 9.764606847027606e-07,
    "sb_upper_V": 9.730079495648397e-07,
    "Zout_fc": 0.7303235142049861,
    "PSRR_delta": 0.11030175867806527
  },
  "linearity": {
    "klin": 4.0,
    "vrip_small": 0.0025,
    "lin_err_db": 0.0065970552303067365,
    "tol_db": 1.0,
    "resp_big_V": 0.0010632818537238385,
    "resp_small_V": 0.0002656186457051958,
    "spur_ref_V": 7.358190303649506e-12
  },
  "floor_V": 2.7353467055056457e-12,
  "sb_snr_db": 104.65263184207646,
  "envelope": {
    "fmax_test": 301000000.0,
    "f_hi": 500000000.0,
    "ratio": 0.602
  },
  "passes": {
    "carrier": true,
    "lower": true,
    "upper": true,
    "base": true
  },
  "pass_": true,
  "lib": "C:\\code\\LDO_modeling\\results\\systest\\ldo_wp_big.lib"
}