{
  "variant": "base",
  "subckt": "ldo_gt",
  "nominal": "121u",
  "loads": [
    "20u",
    "121u",
    "250u"
  ],
  "bands": [
    {
      "f_lo": 1000.0,
      "f_hi": 100000.0,
      "n_per_dec": 8,
      "ppp": 12
    },
    {
      "f_lo": 100000.0,
      "f_hi": 10000000.0,
      "n_per_dec": 12,
      "ppp": 12
    },
    {
      "f_lo": 10000000.0,
      "f_hi": 500000000.0,
      "n_per_dec": 12,
      "ppp": 12
    }
  ],
  "t_meas_s": 10.819322199560702,
  "level1": {
    "20u": {
      "zout": {
        "n": 52,
        "mag_med": 0.10002991806619047,
        "mag_max": 0.37616365822200853,
        "ph_med": 0.030774891959737913,
        "ph_max": 1.7676339942180415,
        "low": [
          0.14615205867529352,
          0.1754783549402072,
          0.02422918138662372,
          0.05619314373401798,
          16
        ],
        "mid": [
          0.09336707928218152,
          0.37616365822200853,
          0.44607371783845634,
          1.7676339942180415,
          24
        ],
        "high": [
          0.004820283060585826,
          0.01224458828229597,
          0.017121850202438192,
          0.029858763562356328,
          12
        ]
      },
      "psrr": {
        "n": 55,
        "mag_med": 0.15038526407308955,
        "mag_max": 7.604561297133648,
        "ph_med": 0.7155928389969375,
        "ph_max": 29.290387439266638,
        "low": [
          0.7313936213560811,
          7.604561297133648,
          1.3869441314995983,
          29.290387439266638,
          17
        ],
        "mid": [
          0.16289239095245048,
          1.6159470000883949,
          0.9172858250731765,
          5.275600780077607,
          25
        ],
        "high": [
          0.021612884351726404,
          0.2272539182404016,
          0.10536568400600706,
          0.34786898123685156,
          13
        ]
      },
      "vout_dc": 0.9022844590603968,
      "n_z": 60,
      "n_p": 63,
      "total_N": 205032,
      "worst_leak_db": -77.5034560657714,
      "ac_vreg": 0.902264028
    },
    "121u": {
      "zout": {
        "n": 60,
        "mag_med": 0.007982306189133639,
        "mag_max": 0.38725129361159377,
        "ph_med": 0.04570397204343529,
        "ph_max": 0.5309644581570528,
        "low": [
          0.005330221965981875,
          0.05829193946449067,
          0.008226073247833338,
          0.2166072191187722,
          16
        ],
        "mid": [
          0.013744174792188403,
          0.38725129361159377,
          0.05342272469776474,
          0.3298874764602406,
          24
        ],
        "high": [
          0.011068630946665704,
          0.18100214606551773,
          0.04607791678274237,
          0.5309644581570528,
          20
        ]
      },
      "psrr": {
        "n": 63,
        "mag_med": 0.024240985311511004,
        "mag_max": 0.2942186328172748,
        "ph_med": 0.07290735408672165,
        "ph_max": 1.1358331887313433,
        "low": [
          0.02645572656211469,
          0.06250818014791311,
          0.07290735408672165,
          0.34463831296503505,
          17
        ],
        "mid": [
          0.03800099579683907,
          0.2942186328172748,
          0.07675137939467407,
          1.1358331887313433,
          25
        ],
        "high": [
          0.015934571167395276,
          0.2145215699740699,
          0.052025839737538694,
          0.5079438778036869,
          21
        ]
      },
      "vout_dc": 0.8984812103005292,
      "n_z": 60,
      "n_p": 63,
      "total_N": 205032,
      "worst_leak_db": -119.8977731494856,
      "ac_vreg": 0.898480737
    },
    "250u": {
      "zout": {
        "n": 52,
        "mag_med": 0.00979010877478671,
        "mag_max": 0.3913033693493647,
        "ph_med": 0.03220186732960666,
        "ph_max": 0.5278372980744529,
        "low": [
          0.0073889442784591305,
          0.06058188878123372,
          0.02561409502866687,
          0.21322507517700356,
          16
        ],
        "mid": [
          0.017206586858389113,
          0.3913033693493647,
          0.04129824914762994,
          0.5278372980744529,
          24
        ],
        "high": [
          0.005849953256058856,
          0.012968781101006988,
          0.02395549044042336,
          0.03858916915881076,
          12
        ]
      },
      "psrr": {
        "n": 55,
        "mag_med": 0.016706063478372793,
        "mag_max": 0.21547974222884234,
        "ph_med": 0.047750710919977395,
        "ph_max": 1.4491707080735823,
        "low": [
          0.016789328838194444,
          0.05542836824520444,
          0.047750710919977395,
          0.28169054561917917,
          17
        ],
        "mid": [
          0.03919492697275772,
          0.15395648935433853,
          0.07644184709833511,
          1.4491707080735823,
          25
        ],
        "high": [
          0.008030772645234028,
          0.21547974222884234,
          0.02344077030038928,
          0.08314144747883974,
          13
        ]
      },
      "vout_dc": 0.8959016610698682,
      "n_z": 60,
      "n_p": 63,
      "total_N": 205032,
      "worst_leak_db": -121.73373531798923,
      "ac_vreg": 0.895901908
    }
  },
  "lin_gate": {
    "lin_z_db": 0.023300069543205765,
    "lin_p_db": 0.14580611494527268
  },
  "cout_true_pF": 1000.0000000000001,
  "esr_true": 0.5,
  "cout_ac_pF": 996.9315211098547,
  "esr_ac": 0.500009277,
  "cout_tr_pF": 998.753217367506,
  "esr_tr": 0.4978396048160157,
  "level2": {
    "composite_ac": 3.8805668906075503,
    "composite_tr": 3.944049421272812,
    "d_composite": 0.06348253066526155,
    "ac": {
      "composite": 3.8805668906075503,
      "per": [
        {
          "il": "20u",
          "zrms": 0.1373641948298491,
          "zband": 0.03280598242880367,
          "zphase": 0.3575713298937189,
          "pkdb": -0.18843797912661409,
          "pband": 0.11663329434304455,
          "pphase": 1.0795798244947583,
          "npsd": 1.1447639356070716
        },
        {
          "il": "121u",
          "zrms": 0.41287021918964584,
          "zband": 0.05015694119278279,
          "zphase": 1.0368570045461727,
          "pkdb": -0.7894721439951566,
          "pband": 0.12285672431111412,
          "pphase": 1.2385151117600588,
          "npsd": 0.9538908992199463
        },
        {
          "il": "250u",
          "zrms": 0.16703473252290632,
          "zband": 0.06241541522804647,
          "zphase": 0.47903297809438977,
          "pkdb": -0.37119516699565813,
          "pband": 0.10329816281503273,
          "pphase": 0.9785780746922216,
          "npsd": 0.9191796729303008
        }
      ]
    },
    "tr": {
      "composite": 3.944049421272812,
      "per": [
        {
          "il": "20u",
          "zrms": 0.09471204572754664,
          "zband": 0.017385626671480543,
          "zphase": 0.37427302209472046,
          "pkdb": -0.3607355527480782,
          "pband": 0.11480744481732881,
          "pphase": 1.6491863783354999,
          "npsd": 1.1489260085724895
        },
        {
          "il": "121u",
          "zrms": 0.5672870102220995,
          "zband": 0.033766009131239866,
          "zphase": 1.2408696314473813,
          "pkdb": -0.5769775833830343,
          "pband": 0.10670830495184447,
          "pphase": 1.2091828211421356,
          "npsd": 0.9475378732932305
        },
        {
          "il": "250u",
          "zrms": 0.22015880631012077,
          "zband": 0.04583486698315525,
          "zphase": 0.5547994592819122,
          "pkdb": -0.32611482341996856,
          "pband": 0.0929434545990474,
          "pphase": 0.9832596437563823,
          "npsd": 0.9174438756709589
        }
      ]
    }
  }
}