{
  "variant": "v1_nmos",
  "subckt": "ldo_v1_nmos",
  "nominal": "121u",
  "loads": [
    "20u",
    "121u",
    "250u"
  ],
  "bands": [
    {
      "f_lo": 1000.0,
      "f_hi": 100000.0,
      "n_per_dec": 8,
      "ppp": 12
    },
    {
      "f_lo": 100000.0,
      "f_hi": 10000000.0,
      "n_per_dec": 12,
      "ppp": 12
    },
    {
      "f_lo": 10000000.0,
      "f_hi": 500000000.0,
      "n_per_dec": 12,
      "ppp": 12
    }
  ],
  "t_meas_s": 11.005590399727225,
  "level1": {
    "20u": {
      "zout": {
        "n": 52,
        "mag_med": 0.06916219755971052,
        "mag_max": 0.2520245047441221,
        "ph_med": 0.07364222522635985,
        "ph_max": 0.9694951193688051,
        "low": [
          0.20276812048422027,
          0.24356989364980774,
          0.07364222522635985,
          0.46068707570124173,
          16
        ],
        "mid": [
          0.05497153914689683,
          0.2520245047441221,
          0.2576686881400826,
          0.9694951193688051,
          24
        ],
        "high": [
          0.001004860246517109,
          0.0060364901221425646,
          0.003217192983815283,
          0.004402004315670821,
          12
        ]
      },
      "psrr": {
        "n": 55,
        "mag_med": 0.06422141062024751,
        "mag_max": 1.6703186750276409,
        "ph_med": 0.41556194040149325,
        "ph_max": 9.416247701729697,
        "low": [
          0.24386400311194809,
          1.6703186750276409,
          0.41556194040149325,
          8.167192418522712,
          17
        ],
        "mid": [
          0.30389197820472025,
          1.2929807742916963,
          0.8987420006535449,
          9.416247701729697,
          25
        ],
        "high": [
          0.0016994800297128964,
          0.06422141062024751,
          0.015096525818657778,
          0.9854670454853651,
          13
        ]
      },
      "vout_dc": 0.5297410315228714,
      "n_z": 60,
      "n_p": 63,
      "total_N": 205032,
      "worst_leak_db": -80.11248266013948,
      "ac_vreg": 0.5296635575
    },
    "121u": {
      "zout": {
        "n": 60,
        "mag_med": 0.006020264707228499,
        "mag_max": 0.25986964468895446,
        "ph_med": 0.010142233684952616,
        "ph_max": 0.42194076516092205,
        "low": [
          0.005359909189721422,
          0.06112775839990936,
          0.0022685039018230588,
          0.09949592810901337,
          16
        ],
        "mid": [
          0.009832597388744112,
          0.25986964468895446,
          0.0867655759614831,
          0.42194076516092205,
          24
        ],
        "high": [
          0.003526632618787563,
          0.12990043183758546,
          0.002157574581122023,
          0.04034410718933021,
          20
        ]
      },
      "psrr": {
        "n": 63,
        "mag_med": 0.003986061894839378,
        "mag_max": 0.07709004042996825,
        "ph_med": 0.020921591628908998,
        "ph_max": 0.7510587124063276,
        "low": [
          0.0029012418779789935,
          0.030594570387607895,
          0.008186936643028882,
          0.1449961131595999,
          17
        ],
        "mid": [
          0.016442091555204055,
          0.07630753714237216,
          0.17068242884605436,
          0.5371662260566444,
          25
        ],
        "high": [
          0.0016418713565556835,
          0.07709004042996825,
          0.01991564981889351,
          0.7510587124063276,
          21
        ]
      },
      "vout_dc": 0.5203808315749018,
      "n_z": 60,
      "n_p": 63,
      "total_N": 205032,
      "worst_leak_db": -126.24154627079193,
      "ac_vreg": 0.520378885
    },
    "250u": {
      "zout": {
        "n": 52,
        "mag_med": 0.0028232756838960675,
        "mag_max": 0.2659485047300409,
        "ph_med": 0.01010299060156706,
        "ph_max": 0.2973622798335726,
        "low": [
          0.002604948363664807,
          0.06447962796083735,
          0.005295994876959594,
          0.115831348767995,
          16
        ],
        "mid": [
          0.0049630240969903905,
          0.2659485047300409,
          0.04137035212758694,
          0.2973622798335726,
          24
        ],
        "high": [
          0.0012622651498409338,
          0.006002550421159023,
          0.0012758132691943697,
          0.005295235863140224,
          12
        ]
      },
      "psrr": {
        "n": 55,
        "mag_med": 0.001725155060499085,
        "mag_max": 0.08448286988224399,
        "ph_med": 0.010661046188501798,
        "ph_max": 0.6267125321351192,
        "low": [
          0.0012627156572172715,
          0.006458608114933741,
          0.0036007268636895676,
          0.03433254718529909,
          17
        ],
        "mid": [
          0.0036895584798801884,
          0.08135654863483276,
          0.03275479572074051,
          0.4213593345279387,
          25
        ],
        "high": [
          0.0012495341540785577,
          0.08448286988224399,
          0.008393737420366275,
          0.6267125321351192,
          13
        ]
      },
      "vout_dc": 0.5164059202724534,
      "n_z": 60,
      "n_p": 63,
      "total_N": 205032,
      "worst_leak_db": -130.98030112785318,
      "ac_vreg": 0.5164055645
    }
  },
  "lin_gate": {
    "lin_z_db": 0.008222677403502337,
    "lin_p_db": 0.03852975345460994
  },
  "cout_true_pF": 1000.0000000000001,
  "esr_true": 30.0,
  "cout_ac_pF": 381.04041584231913,
  "esr_ac": 28.1608938,
  "cout_tr_pF": 474.03367498945653,
  "esr_tr": 28.041106512905078,
  "level2": {
    "composite_ac": 8.85490754099116,
    "composite_tr": 8.178686131293826,
    "d_composite": -0.6762214096973338,
    "ac": {
      "composite": 8.85490754099116,
      "per": [
        {
          "il": "20u",
          "zrms": 1.9361175223479108,
          "zband": 1.471096935015881,
          "zphase": 9.975013075204162,
          "pkdb": -0.1595073074177808,
          "pband": 0.3827096851278758,
          "pphase": 3.0964571416768765,
          "npsd": 0.9748700580335677
        },
        {
          "il": "121u",
          "zrms": 0.9764823603204196,
          "zband": 1.0595272245274847,
          "zphase": 5.871282505896937,
          "pkdb": -0.7163802232898998,
          "pband": 0.14335816590553208,
          "pphase": 2.1537885274057875,
          "npsd": 0.6842661566485184
        },
        {
          "il": "250u",
          "zrms": 0.8994250115197222,
          "zband": 1.061966323116606,
          "zphase": 5.040173058502259,
          "pkdb": -0.5490415790883543,
          "pband": 0.11640830390731655,
          "pphase": 1.0819903133595346,
          "npsd": 0.539230972934156
        }
      ]
    },
    "tr": {
      "composite": 8.178686131293826,
      "per": [
        {
          "il": "20u",
          "zrms": 1.3625462671546928,
          "zband": 0.9244471764946322,
          "zphase": 7.271835639634544,
          "pkdb": 0.024529143665625114,
          "pband": 0.07476239696039343,
          "pphase": 1.524643142026108,
          "npsd": 0.9443162153375532
        },
        {
          "il": "121u",
          "zrms": 0.8670260454887514,
          "zband": 1.0208588196685475,
          "zphase": 4.667289447480697,
          "pkdb": -0.5128013481925531,
          "pband": 0.7395921567270144,
          "pphase": 5.744747725605374,
          "npsd": 0.6314433626507954
        },
        {
          "il": "250u",
          "zrms": 0.8694710499929303,
          "zband": 1.0360239271786804,
          "zphase": 4.088878030123843,
          "pkdb": -0.44062791174812377,
          "pband": 0.6812133863130178,
          "pphase": 4.260908073804819,
          "npsd": 0.5124318768898167
        }
      ]
    }
  }
}