{
  "variant": "v2_capless",
  "subckt": "ldo_v2_capless",
  "nominal": "121u",
  "loads": [
    "20u",
    "121u",
    "250u"
  ],
  "bands": [
    {
      "f_lo": 1000.0,
      "f_hi": 100000.0,
      "n_per_dec": 8,
      "ppp": 12
    },
    {
      "f_lo": 100000.0,
      "f_hi": 10000000.0,
      "n_per_dec": 12,
      "ppp": 12
    },
    {
      "f_lo": 10000000.0,
      "f_hi": 500000000.0,
      "n_per_dec": 12,
      "ppp": 12
    }
  ],
  "t_meas_s": 11.767108200117946,
  "level1": {
    "20u": {
      "zout": {
        "n": 52,
        "mag_med": 0.1765475664316487,
        "mag_max": 0.44929685277532555,
        "ph_med": 0.03225664659506519,
        "ph_max": 4.120856193918117,
        "low": [
          0.1555289584444265,
          0.18677993265137893,
          0.023406159082273163,
          0.0832155056489049,
          16
        ],
        "mid": [
          0.2974277572621942,
          0.44929685277532555,
          0.8002900223067189,
          4.120856193918117,
          24
        ],
        "high": [
          0.005646006992701841,
          0.010033011467887838,
          0.02155714605879581,
          0.03363113175165071,
          12
        ]
      },
      "psrr": {
        "n": 55,
        "mag_med": 0.17886472632903933,
        "mag_max": 18.992068395634806,
        "ph_med": 1.6604196573042025,
        "ph_max": 72.9499244666951,
        "low": [
          1.258752743228429,
          18.992068395634806,
          2.5723163501126067,
          72.9499244666951,
          17
        ],
        "mid": [
          0.2387971412723477,
          1.497428526140795,
          1.9422512611649552,
          6.013185070994092,
          25
        ],
        "high": [
          0.02430780775149334,
          0.17886472632903933,
          0.12070659832104882,
          0.6540414468420925,
          13
        ]
      },
      "vout_dc": 0.905435306616004,
      "n_z": 60,
      "n_p": 63,
      "total_N": 205032,
      "worst_leak_db": -72.54282245820006,
      "ac_vreg": 0.905412023
    },
    "121u": {
      "zout": {
        "n": 60,
        "mag_med": 0.00781323172904853,
        "mag_max": 0.4173074807510727,
        "ph_med": 0.03399896438294908,
        "ph_max": 1.7093545270215573,
        "low": [
          0.005638620335151267,
          0.06465764601852861,
          0.008946211437283438,
          0.14530846525897848,
          16
        ],
        "mid": [
          0.007610166498017344,
          0.4173074807510727,
          0.03773210315043807,
          1.7093545270215573,
          24
        ],
        "high": [
          0.01175167332866063,
          0.12982677961934233,
          0.04638785859847894,
          0.09155165664940267,
          20
        ]
      },
      "psrr": {
        "n": 63,
        "mag_med": 0.016293966478806973,
        "mag_max": 0.25539524702017546,
        "ph_med": 0.053022636549487676,
        "ph_max": 1.6840417868993176,
        "low": [
          0.03186135726342185,
          0.06429404885633179,
          0.08527871053028219,
          0.30529027806062636,
          17
        ],
        "mid": [
          0.013794295860035357,
          0.15252918558409861,
          0.05518916102130397,
          1.6840417868993176,
          25
        ],
        "high": [
          0.009575839302332944,
          0.25539524702017546,
          0.043086069083000285,
          1.0988979427776702,
          21
        ]
      },
      "vout_dc": 0.9013578624801627,
      "n_z": 60,
      "n_p": 63,
      "total_N": 205032,
      "worst_leak_db": -95.77790206109087,
      "ac_vreg": 0.901357359
    },
    "250u": {
      "zout": {
        "n": 52,
        "mag_med": 0.007755824443706616,
        "mag_max": 0.3209604774153104,
        "ph_med": 0.031934131499285014,
        "ph_max": 1.653081494699627,
        "low": [
          0.007900740925462203,
          0.06648983972308666,
          0.02717092679352339,
          0.1427636859451352,
          16
        ],
        "mid": [
          0.008893176515846262,
          0.3209604774153104,
          0.03000557747216224,
          1.653081494699627,
          24
        ],
        "high": [
          0.005513038030770434,
          0.008681683130959315,
          0.032556072473080705,
          0.06346795478748256,
          12
        ]
      },
      "psrr": {
        "n": 55,
        "mag_med": 0.017027666000518773,
        "mag_max": 0.1855823712569934,
        "ph_med": 0.049675697849334934,
        "ph_max": 1.7835995719455138,
        "low": [
          0.017634163504089216,
          0.054862759462025665,
          0.049675697849334934,
          0.2408660888293113,
          17
        ],
        "mid": [
          0.021880752307468655,
          0.09005716112180412,
          0.06142464594891815,
          1.7835995719455138,
          25
        ],
        "high": [
          0.007418607194424471,
          0.1855823712569934,
          0.0273406547451647,
          1.5417800085956441,
          13
        ]
      },
      "vout_dc": 0.8986323612988971,
      "n_z": 60,
      "n_p": 63,
      "total_N": 205032,
      "worst_leak_db": -99.64832097283585,
      "ac_vreg": 0.898632643
    }
  },
  "lin_gate": {
    "lin_z_db": 0.008663339614406938,
    "lin_p_db": 0.03230372328086745
  },
  "cout_true_pF": 100.0,
  "esr_true": 120.0,
  "cout_ac_pF": 122.36296478030023,
  "esr_ac": 116.740462,
  "cout_tr_pF": 129.64780888508125,
  "esr_tr": 116.2456092977445,
  "level2": {
    "composite_ac": 6.813415175828621,
    "composite_tr": 9.413596075188204,
    "d_composite": 2.600180899359583,
    "ac": {
      "composite": 6.813415175828621,
      "per": [
        {
          "il": "20u",
          "zrms": 1.1969846368643267,
          "zband": 0.9458565871615762,
          "zphase": 2.967523824278344,
          "pkdb": -2.005008211077517,
          "pband": 0.03759413210377736,
          "pphase": 1.6432639008428036,
          "npsd": 1.844326819514004
        },
        {
          "il": "121u",
          "zrms": 0.5097009972833807,
          "zband": 0.8674669759650873,
          "zphase": 2.1605089341398886,
          "pkdb": -1.1643435453340634,
          "pband": 0.47902582736838745,
          "pphase": 1.9539674574732309,
          "npsd": 1.957650490894854
        },
        {
          "il": "250u",
          "zrms": 0.24315957653350004,
          "zband": 0.10633163520126553,
          "zphase": 1.4185498332445283,
          "pkdb": -0.028203060835879746,
          "pband": 0.12495507994993238,
          "pphase": 1.0998929940409394,
          "npsd": 2.069044051403463
        }
      ]
    },
    "tr": {
      "composite": 9.413596075188204,
      "per": [
        {
          "il": "20u",
          "zrms": 1.797392983484263,
          "zband": 1.1971865331509808,
          "zphase": 3.8865628587806174,
          "pkdb": -2.2163906165364904,
          "pband": 0.4886059393114659,
          "pphase": 3.7329859553102454,
          "npsd": 1.8835816983126523
        },
        {
          "il": "121u",
          "zrms": 0.957155386396916,
          "zband": 1.1720603464780932,
          "zphase": 2.7620204143456957,
          "pkdb": -1.5480875899480093,
          "pband": 0.6310068300164848,
          "pphase": 2.5204711368363584,
          "npsd": 2.0187132961734306
        },
        {
          "il": "250u",
          "zrms": 0.32063438204984107,
          "zband": 0.29675544012002747,
          "zphase": 1.7171516654285561,
          "pkdb": -0.4067400752202721,
          "pband": 0.2637850545388742,
          "pphase": 1.4591546547937744,
          "npsd": 2.061619657005331
        }
      ]
    }
  }
}