{
  "variant": "v3_miller",
  "subckt": "ldo_v3_miller",
  "nominal": "121u",
  "loads": [
    "20u",
    "121u",
    "250u"
  ],
  "bands": [
    {
      "f_lo": 1000.0,
      "f_hi": 100000.0,
      "n_per_dec": 8,
      "ppp": 12
    },
    {
      "f_lo": 100000.0,
      "f_hi": 10000000.0,
      "n_per_dec": 12,
      "ppp": 12
    },
    {
      "f_lo": 10000000.0,
      "f_hi": 500000000.0,
      "n_per_dec": 12,
      "ppp": 12
    }
  ],
  "t_meas_s": 12.041806200053543,
  "level1": {
    "20u": {
      "zout": {
        "n": 52,
        "mag_med": 0.09064818801691359,
        "mag_max": 0.3729007140811638,
        "ph_med": 0.09652114125786358,
        "ph_max": 1.006159598621632,
        "low": [
          0.15181938250122556,
          0.1737292821112121,
          0.07206521144851241,
          0.43520550334831937,
          16
        ],
        "mid": [
          0.076918200117099,
          0.3729007140811638,
          0.32984448244814996,
          1.006159598621632,
          24
        ],
        "high": [
          0.006021572797269875,
          0.012136389538794586,
          0.022052418820972065,
          0.07078991234248999,
          12
        ]
      },
      "psrr": {
        "n": 55,
        "mag_med": 0.02966666295709338,
        "mag_max": 0.2304337547467385,
        "ph_med": 0.21549621719572684,
        "ph_max": 1.3378312124977034,
        "low": [
          0.01299924741127405,
          0.06898591453938273,
          0.07810559776826513,
          1.0419064855798845,
          17
        ],
        "mid": [
          0.0892722388458993,
          0.18297045131628148,
          0.3627665524819421,
          1.3378312124977034,
          25
        ],
        "high": [
          0.013180354925022234,
          0.2304337547467385,
          0.21549621719572684,
          0.655007816444496,
          13
        ]
      },
      "vout_dc": 0.918185978677478,
      "n_z": 60,
      "n_p": 63,
      "total_N": 205032,
      "worst_leak_db": -100.13728794446283,
      "ac_vreg": 0.918184713
    },
    "121u": {
      "zout": {
        "n": 60,
        "mag_med": 0.008927509295846361,
        "mag_max": 0.24717484832242015,
        "ph_med": 0.03358696486413823,
        "ph_max": 1.029826691049495,
        "low": [
          0.008495856339309465,
          0.041949487732317756,
          0.016614980859628075,
          0.28149439455383574,
          16
        ],
        "mid": [
          0.00507275743551158,
          0.24717484832242015,
          0.03810878798501956,
          1.029826691049495,
          24
        ],
        "high": [
          0.019645197509217244,
          0.18096825362250607,
          0.04100803476531692,
          0.5309709896037874,
          20
        ]
      },
      "psrr": {
        "n": 63,
        "mag_med": 0.0049479322697347,
        "mag_max": 0.10478032524799953,
        "ph_med": 0.03476019177167042,
        "ph_max": 2.0220222423200305,
        "low": [
          0.0018739909216311066,
          0.016727367221976746,
          0.007398255628532013,
          0.14392971453757297,
          17
        ],
        "mid": [
          0.002817746443260061,
          0.029777732102138427,
          0.025747668515653816,
          1.0134820963589886,
          25
        ],
        "high": [
          0.025330887313833494,
          0.10478032524799953,
          0.12791841849145508,
          2.0220222423200305,
          21
        ]
      },
      "vout_dc": 0.9179672565625068,
      "n_z": 60,
      "n_p": 63,
      "total_N": 205032,
      "worst_leak_db": -119.5354215190618,
      "ac_vreg": 0.917967244
    },
    "250u": {
      "zout": {
        "n": 52,
        "mag_med": 0.011796589090834949,
        "mag_max": 0.18994989132217194,
        "ph_med": 0.041058017605710186,
        "ph_max": 0.9594031687216331,
        "low": [
          0.013061370230784623,
          0.04357150792521549,
          0.04081582950143915,
          0.28091217400054097,
          16
        ],
        "mid": [
          0.010986897773456444,
          0.18994989132217194,
          0.04726286408286624,
          0.9594031687216331,
          24
        ],
        "high": [
          0.011357752066451163,
          0.021700337183074764,
          0.030131283919961373,
          0.11679283883992543,
          12
        ]
      },
      "psrr": {
        "n": 55,
        "mag_med": 0.006033056863867653,
        "mag_max": 0.02812561133349955,
        "ph_med": 0.03671400615472239,
        "ph_max": 2.0587615147433955,
        "low": [
          0.0028035350659677202,
          0.017724279272198256,
          0.009018879479750289,
          0.1571666319530804,
          17
        ],
        "mid": [
          0.005821242318237619,
          0.019182531748590033,
          0.041373812815998647,
          0.8643685873618889,
          25
        ],
        "high": [
          0.019312157682189135,
          0.02812561133349955,
          0.061923616833868905,
          2.0587615147433955,
          13
        ]
      },
      "vout_dc": 0.9178170234644556,
      "n_z": 60,
      "n_p": 63,
      "total_N": 205032,
      "worst_leak_db": -121.53342713385777,
      "ac_vreg": 0.917817055
    }
  },
  "lin_gate": {
    "lin_z_db": 0.01511404940077675,
    "lin_p_db": 0.018261462573365663
  },
  "cout_true_pF": 1000.0000000000001,
  "esr_true": 0.5,
  "cout_ac_pF": 997.7524813311566,
  "esr_ac": 0.499970352,
  "cout_tr_pF": 997.2483620439858,
  "esr_tr": 0.4978056066030199,
  "level2": {
    "composite_ac": 6.315903018901348,
    "composite_tr": 8.49573314391493,
    "d_composite": 2.1798301250135816,
    "ac": {
      "composite": 6.315903018901348,
      "per": [
        {
          "il": "20u",
          "zrms": 0.130248677608089,
          "zband": 0.24482021389887273,
          "zphase": 0.7995918255265617,
          "pkdb": -0.005408812501621085,
          "pband": 0.4420631543461589,
          "pphase": 1.812073969944091,
          "npsd": 1.6847155302523678
        },
        {
          "il": "121u",
          "zrms": 0.4955896257685905,
          "zband": 0.7838430243778348,
          "zphase": 3.1271379698934756,
          "pkdb": 0.13221597067258253,
          "pband": 0.2925015160203941,
          "pphase": 0.6946512955564268,
          "npsd": 2.0496754896865013
        },
        {
          "il": "250u",
          "zrms": 1.1387054415014686,
          "zband": 0.6971885751876484,
          "zphase": 4.317063629898399,
          "pkdb": 0.028069824524581927,
          "pband": 0.27148916009584706,
          "pphase": 1.3923827756656262,
          "npsd": 1.9511805218672105
        }
      ]
    },
    "tr": {
      "composite": 8.49573314391493,
      "per": [
        {
          "il": "20u",
          "zrms": 0.1926581103988791,
          "zband": 0.2621155511569854,
          "zphase": 0.9029314391833375,
          "pkdb": 0.07823185065628516,
          "pband": 0.38220954162324955,
          "pphase": 1.5700053426722884,
          "npsd": 1.6937010448105363
        },
        {
          "il": "121u",
          "zrms": 0.49511266272933974,
          "zband": 0.7778183452217015,
          "zphase": 3.132691339369806,
          "pkdb": 0.1519473372292398,
          "pband": 1.1009382113488837,
          "pphase": 9.451756012797421,
          "npsd": 2.0506184343073426
        },
        {
          "il": "250u",
          "zrms": 1.2228268597024654,
          "zband": 0.6945965046227092,
          "zphase": 4.498660169128153,
          "pkdb": 0.041110769421626024,
          "pband": 2.0471404490987943,
          "pphase": 10.785934945200491,
          "npsd": 1.949319959782844
        }
      ]
    }
  }
}