{
  "variant": "base",
  "subckt": "ldo_gt",
  "nominal": "121u",
  "loads": [
    "20u",
    "121u",
    "250u"
  ],
  "bands": [
    {
      "f_lo": 1000.0,
      "f_hi": 100000.0,
      "n_per_dec": 8,
      "ppp": 12
    },
    {
      "f_lo": 100000.0,
      "f_hi": 10000000.0,
      "n_per_dec": 12,
      "ppp": 12
    },
    {
      "f_lo": 10000000.0,
      "f_hi": 500000000.0,
      "n_per_dec": 12,
      "ppp": 12
    }
  ],
  "t_compile_s": 0.2813650001771748,
  "t_run_s": 12.395136100240052,
  "n_va_files": 3,
  "osdi_bytes": [
    13824,
    14848,
    14336
  ],
  "gui_import_ok": true,
  "gui_import_msg": "ok",
  "cout_va_pF": 998.7532423174229,
  "esr_va": 0.4978394739665356,
  "cout_true_pF": 1000.0000000000001,
  "esr_true": 0.5,
  "level1": {
    "20u": {
      "zout": {
        "n": 52,
        "mag_med": 0.10002986631356298,
        "mag_max": 0.37616354667544843,
        "ph_med": 0.0307804157191658,
        "ph_max": 1.7676352798819384,
        "low": [
          0.1461521436122597,
          0.17547843168823213,
          0.024228182399297596,
          0.056192672657495585,
          16
        ],
        "mid": [
          0.09336702910259151,
          0.37616354667544843,
          0.44607654625452864,
          1.7676352798819384,
          24
        ],
        "high": [
          0.004820331892885544,
          0.012244744905996476,
          0.017122405681498844,
          0.02985828534611921,
          12
        ]
      },
      "psrr": {
        "n": 55,
        "mag_med": 0.1503834763019667,
        "mag_max": 7.604554999566688,
        "ph_med": 0.7155926996731856,
        "ph_max": 29.29043316568751,
        "low": [
          0.7313888640805243,
          7.604554999566688,
          1.3869177795810623,
          29.29043316568751,
          17
        ],
        "mid": [
          0.1628916717101611,
          1.6159464512991215,
          0.9172851917155811,
          5.275601670538737,
          25
        ],
        "high": [
          0.021614129253682956,
          0.22725061148173378,
          0.10536428449305664,
          0.3478655471738352,
          13
        ]
      },
      "vout_dc": 0.9022844590603808,
      "n_z": 60,
      "n_p": 63,
      "worst_leak_db": -77.50998067413565
    },
    "121u": {
      "zout": {
        "n": 60,
        "mag_med": 0.007982224368113536,
        "mag_max": 0.3872507578416485,
        "ph_med": 0.045702122472037386,
        "ph_max": 0.530964523928839,
        "low": [
          0.005329990390169292,
          0.058291929664696,
          0.008226923867273816,
          0.2166072162710576,
          16
        ],
        "mid": [
          0.013743711562205042,
          0.3872507578416485,
          0.05342071890648469,
          0.3298778007851048,
          24
        ],
        "high": [
          0.011068727828550033,
          0.18100385186710244,
          0.04607749140102367,
          0.530964523928839,
          20
        ]
      },
      "psrr": {
        "n": 63,
        "mag_med": 0.024239613943811432,
        "mag_max": 0.2942183376529555,
        "ph_med": 0.07290638505568639,
        "ph_max": 1.1358341903527824,
        "low": [
          0.026454526414188252,
          0.0625073517103219,
          0.07290638505568639,
          0.3446366201358084,
          17
        ],
        "mid": [
          0.03800090171222927,
          0.2942183376529555,
          0.07676267265111987,
          1.1358341903527824,
          25
        ],
        "high": [
          0.015934843615957883,
          0.21452177914848042,
          0.05202654526981907,
          0.5079430928399755,
          21
        ]
      },
      "vout_dc": 0.8984812102999811,
      "n_z": 60,
      "n_p": 63,
      "worst_leak_db": -119.89150708834427
    },
    "250u": {
      "zout": {
        "n": 52,
        "mag_med": 0.009790049352816143,
        "mag_max": 0.39130356180642895,
        "ph_med": 0.03220764797216982,
        "ph_max": 0.5278471374267785,
        "low": [
          0.007388821976310714,
          0.060582190879510035,
          0.025613921488477555,
          0.2132263139085222,
          16
        ],
        "mid": [
          0.01720626928362783,
          0.39130356180642895,
          0.0412982681532164,
          0.5278471374267785,
          24
        ],
        "high": [
          0.005849807846285417,
          0.012967916375784119,
          0.023960996282629758,
          0.03859041659827899,
          12
        ]
      },
      "psrr": {
        "n": 55,
        "mag_med": 0.01670650922421177,
        "mag_max": 0.2154799717288574,
        "ph_med": 0.04774704579965048,
        "ph_max": 1.4491710575189334,
        "low": [
          0.016790046892470295,
          0.055431386107976016,
          0.04774704579965048,
          0.28169250447476885,
          17
        ],
        "mid": [
          0.039196531515331916,
          0.1539563773576901,
          0.07644272204342353,
          1.4491710575189334,
          25
        ],
        "high": [
          0.00803112881905217,
          0.2154799717288574,
          0.023439176925793295,
          0.0831410239400284,
          13
        ]
      },
      "vout_dc": 0.8959016610700938,
      "n_z": 60,
      "n_p": 63,
      "worst_leak_db": -121.70061219417384
    }
  },
  "level2": {
    "composite_va": 3.944043314573473,
    "composite_ac": 3.8805668906075503,
    "composite_tr_dev": 3.944049421272812,
    "d_va": 0.06347642396592246,
    "d_path": -6.1066993390923585e-06
  }
}