{
  "variant": "v2_capless",
  "subckt": "ldo_v2_capless",
  "nominal": "121u",
  "loads": [
    "20u",
    "121u",
    "250u"
  ],
  "bands": [
    {
      "f_lo": 1000.0,
      "f_hi": 100000.0,
      "n_per_dec": 8,
      "ppp": 12
    },
    {
      "f_lo": 100000.0,
      "f_hi": 10000000.0,
      "n_per_dec": 12,
      "ppp": 12
    },
    {
      "f_lo": 10000000.0,
      "f_hi": 500000000.0,
      "n_per_dec": 12,
      "ppp": 12
    }
  ],
  "t_compile_s": 0.27641639998182654,
  "t_run_s": 13.436603699810803,
  "n_va_files": 3,
  "osdi_bytes": [
    13824,
    14848,
    14336
  ],
  "gui_import_ok": true,
  "gui_import_msg": "ok",
  "cout_va_pF": 129.64761648656878,
  "esr_va": 116.24560845755896,
  "cout_true_pF": 100.0,
  "esr_true": 120.0,
  "level1": {
    "20u": {
      "zout": {
        "n": 52,
        "mag_med": 0.17654753015828115,
        "mag_max": 0.449296876764731,
        "ph_med": 0.03225711751851378,
        "ph_max": 4.120862354550138,
        "low": [
          0.15552898866629628,
          0.18677982837307733,
          0.023406025325501248,
          0.08321528506598329,
          16
        ],
        "mid": [
          0.29742774011982354,
          0.449296876764731,
          0.8002909234076772,
          4.120862354550138,
          24
        ],
        "high": [
          0.0056459448894725095,
          0.010032856965445083,
          0.021556966018583625,
          0.0336322804673764,
          12
        ]
      },
      "psrr": {
        "n": 55,
        "mag_med": 0.1788648769250817,
        "mag_max": 18.992099638803033,
        "ph_med": 1.660417942673329,
        "ph_max": 72.95003128658071,
        "low": [
          1.2587573234857459,
          18.992099638803033,
          2.5723275556484904,
          72.95003128658071,
          17
        ],
        "mid": [
          0.23879756793341778,
          1.4974249018054355,
          1.942255182610873,
          6.013201171881561,
          25
        ],
        "high": [
          0.024307844106471084,
          0.1788648769250817,
          0.12071078835670819,
          0.6540433091767424,
          13
        ]
      },
      "vout_dc": 0.9054353066147304,
      "n_z": 60,
      "n_p": 63,
      "worst_leak_db": -72.54251661865419
    },
    "121u": {
      "zout": {
        "n": 60,
        "mag_med": 0.007813337510179945,
        "mag_max": 0.41730751486717294,
        "ph_med": 0.033999594008984106,
        "ph_max": 1.7093437441295274,
        "low": [
          0.005638639958999883,
          0.06465749921066878,
          0.008947346229262815,
          0.14530870882753366,
          16
        ],
        "mid": [
          0.007609754795391382,
          0.41730751486717294,
          0.03773348721307894,
          1.7093437441295274,
          24
        ],
        "high": [
          0.011751613096609697,
          0.1298267322345286,
          0.04638763810915868,
          0.09155261431887324,
          20
        ]
      },
      "psrr": {
        "n": 63,
        "mag_med": 0.01629409229088107,
        "mag_max": 0.25539525256506185,
        "ph_med": 0.05302269434666115,
        "ph_max": 1.684041290114403,
        "low": [
          0.03186045563095159,
          0.06429582020070282,
          0.08527827051011082,
          0.3052933160185742,
          17
        ],
        "mid": [
          0.0137945043508836,
          0.15252909901233103,
          0.05518830534175697,
          1.684041290114403,
          25
        ],
        "high": [
          0.00957611311766867,
          0.25539525256506185,
          0.04308554335692999,
          1.0988970468693435,
          21
        ]
      },
      "vout_dc": 0.9013578624802111,
      "n_z": 60,
      "n_p": 63,
      "worst_leak_db": -95.77903340488703
    },
    "250u": {
      "zout": {
        "n": 52,
        "mag_med": 0.007755935864317038,
        "mag_max": 0.32096040471517684,
        "ph_med": 0.03193196854822704,
        "ph_max": 1.6530717953880112,
        "low": [
          0.007900789654660668,
          0.06648964759951302,
          0.027171218545220675,
          0.14276368782354326,
          16
        ],
        "mid": [
          0.008893524309589758,
          0.32096040471517684,
          0.03000671072320769,
          1.6530717953880112,
          24
        ],
        "high": [
          0.005512979792416075,
          0.008681696343972065,
          0.03255592897222579,
          0.06346793250936311,
          12
        ]
      },
      "psrr": {
        "n": 55,
        "mag_med": 0.017027713368853142,
        "mag_max": 0.18558231722092558,
        "ph_med": 0.04968062260803886,
        "ph_max": 1.7835992142420898,
        "low": [
          0.017634894145116292,
          0.05486580074922548,
          0.04968062260803886,
          0.24086166725133548,
          17
        ],
        "mid": [
          0.02188041170689012,
          0.09005734796481302,
          0.06142480557185198,
          1.7835992142420898,
          25
        ],
        "high": [
          0.007418747842790262,
          0.18558231722092558,
          0.027340552077008164,
          1.541778426024068,
          13
        ]
      },
      "vout_dc": 0.8986323612988488,
      "n_z": 60,
      "n_p": 63,
      "worst_leak_db": -99.64789709652435
    }
  },
  "level2": {
    "composite_va": 9.413521878735445,
    "composite_ac": 6.813415175828621,
    "composite_tr_dev": 9.413596075188204,
    "d_va": 2.6001067029068237,
    "d_path": -7.419645275952291e-05
  }
}