{
  "variant": "v1_nmos",
  "subckt": "ldo_v1_nmos",
  "nominal": "121u",
  "loads": [
    "20u",
    "121u",
    "250u"
  ],
  "bands": [
    {
      "f_lo": 1000.0,
      "f_hi": 100000.0,
      "n_per_dec": 8,
      "ppp": 12
    },
    {
      "f_lo": 100000.0,
      "f_hi": 10000000.0,
      "n_per_dec": 12,
      "ppp": 12
    },
    {
      "f_lo": 10000000.0,
      "f_hi": 500000000.0,
      "n_per_dec": 12,
      "ppp": 12
    }
  ],
  "t_compile_s": 0.36695410031825304,
  "t_run_s": 12.373022399842739,
  "n_va_files": 3,
  "osdi_bytes": [
    13824,
    14848,
    14336
  ],
  "gui_import_ok": true,
  "gui_import_msg": "ok",
  "cout_va_pF": 474.0328333403864,
  "esr_va": 28.041105914011236,
  "cout_true_pF": 1000.0000000000001,
  "esr_true": 30.0,
  "level1": {
    "20u": {
      "zout": {
        "n": 52,
        "mag_med": 0.06916229167531228,
        "mag_max": 0.2520246153630493,
        "ph_med": 0.07364225315456885,
        "ph_max": 0.9694947772941254,
        "low": [
          0.20276811006477582,
          0.24356994757592854,
          0.07364225315456885,
          0.46068753284285563,
          16
        ],
        "mid": [
          0.054971525938682195,
          0.2520246153630493,
          0.25767471377228296,
          0.9694947772941254,
          24
        ],
        "high": [
          0.0010047915633190742,
          0.006036578994131748,
          0.0032172687875371506,
          0.004401960825268364,
          12
        ]
      },
      "psrr": {
        "n": 55,
        "mag_med": 0.06421184970468233,
        "mag_max": 1.6703171302584898,
        "ph_med": 0.41556342309853056,
        "ph_max": 9.416252317635651,
        "low": [
          0.24386529839731025,
          1.6703171302584898,
          0.41556342309853056,
          8.167205262249363,
          17
        ],
        "mid": [
          0.3038916186050654,
          1.2929812679170332,
          0.89873874069105,
          9.416252317635651,
          25
        ],
        "high": [
          0.0017034366095689782,
          0.06421184970468233,
          0.015110241517372993,
          0.9854800874063598,
          13
        ]
      },
      "vout_dc": 0.5297410315222266,
      "n_z": 60,
      "n_p": 63,
      "worst_leak_db": -80.10947053361834
    },
    "121u": {
      "zout": {
        "n": 60,
        "mag_med": 0.0060201136818568545,
        "mag_max": 0.25986971787982865,
        "ph_med": 0.010135453032603079,
        "ph_max": 0.4219509745388905,
        "low": [
          0.005359884151025927,
          0.06112756554359207,
          0.0022694629353707235,
          0.09949528724782693,
          16
        ],
        "mid": [
          0.009832496248181537,
          0.25986971787982865,
          0.08676505667057317,
          0.4219509745388905,
          24
        ],
        "high": [
          0.0035264724857633494,
          0.12990044945553314,
          0.0021584806249172507,
          0.040345798354076166,
          20
        ]
      },
      "psrr": {
        "n": 63,
        "mag_med": 0.003985726208349171,
        "mag_max": 0.07708944969290232,
        "ph_med": 0.020917289223560315,
        "ph_max": 0.751062881665595,
        "low": [
          0.0029010600470631065,
          0.03059444589214426,
          0.008186634836565893,
          0.14499661328138003,
          17
        ],
        "mid": [
          0.01644212473607494,
          0.07630707260072074,
          0.1706832911389902,
          0.5371542948520962,
          25
        ],
        "high": [
          0.0016414712269898608,
          0.07708944969290232,
          0.019908139127279897,
          0.751062881665595,
          21
        ]
      },
      "vout_dc": 0.5203808315747084,
      "n_z": 60,
      "n_p": 63,
      "worst_leak_db": -126.22489449312171
    },
    "250u": {
      "zout": {
        "n": 52,
        "mag_med": 0.0028230220060757073,
        "mag_max": 0.2659484685932142,
        "ph_med": 0.010108153293065003,
        "ph_max": 0.29737302619730993,
        "low": [
          0.002604789002101727,
          0.06447972950913425,
          0.005295729978760177,
          0.1158299209104881,
          16
        ],
        "mid": [
          0.004962989189670331,
          0.2659484685932142,
          0.041369062730798135,
          0.29737302619730993,
          24
        ],
        "high": [
          0.0012623322855672629,
          0.006002370947441814,
          0.00127469093613835,
          0.005294158496836986,
          12
        ]
      },
      "psrr": {
        "n": 55,
        "mag_med": 0.0017253513466875578,
        "mag_max": 0.08448234764969248,
        "ph_med": 0.010661271823956795,
        "ph_max": 0.6267166387748173,
        "low": [
          0.00126280066401382,
          0.006458436489142018,
          0.00359927876443251,
          0.03433193812862157,
          17
        ],
        "mid": [
          0.0036889126134059883,
          0.0813562233535422,
          0.03275196911947905,
          0.4213656460180806,
          25
        ],
        "high": [
          0.0012498809330338313,
          0.08448234764969248,
          0.008394893411051482,
          0.6267166387748173,
          13
        ]
      },
      "vout_dc": 0.5164059202728081,
      "n_z": 60,
      "n_p": 63,
      "worst_leak_db": -131.00963475617542
    }
  },
  "level2": {
    "composite_va": 8.178649790545924,
    "composite_ac": 8.85490754099116,
    "composite_tr_dev": 8.178686131293826,
    "d_va": -0.6762577504452363,
    "d_path": -3.634074790248576e-05
  }
}