{
  "variant": "v3_miller",
  "subckt": "ldo_v3_miller",
  "nominal": "121u",
  "loads": [
    "20u",
    "121u",
    "250u"
  ],
  "bands": [
    {
      "f_lo": 1000.0,
      "f_hi": 100000.0,
      "n_per_dec": 8,
      "ppp": 12
    },
    {
      "f_lo": 100000.0,
      "f_hi": 10000000.0,
      "n_per_dec": 12,
      "ppp": 12
    },
    {
      "f_lo": 10000000.0,
      "f_hi": 500000000.0,
      "n_per_dec": 12,
      "ppp": 12
    }
  ],
  "t_compile_s": 0.2658522999845445,
  "t_run_s": 13.32290770020336,
  "n_va_files": 3,
  "osdi_bytes": [
    13824,
    14848,
    14336
  ],
  "gui_import_ok": true,
  "gui_import_msg": "ok",
  "cout_va_pF": 997.2484150413352,
  "esr_va": 0.49780548564903887,
  "cout_true_pF": 1000.0000000000001,
  "esr_true": 0.5,
  "level1": {
    "20u": {
      "zout": {
        "n": 52,
        "mag_med": 0.0906481923252728,
        "mag_max": 0.37290077458946774,
        "ph_med": 0.09652594714870574,
        "ph_max": 1.0061595109943902,
        "low": [
          0.1518189852647501,
          0.17372889355847634,
          0.07206266731576802,
          0.4352053263808256,
          16
        ],
        "mid": [
          0.07691823554281425,
          0.37290077458946774,
          0.3298442420133467,
          1.0061595109943902,
          24
        ],
        "high": [
          0.006021677665756068,
          0.012135636448107133,
          0.02205340574431358,
          0.07078990372164774,
          12
        ]
      },
      "psrr": {
        "n": 55,
        "mag_med": 0.02966692116840138,
        "mag_max": 0.2304352413444309,
        "ph_med": 0.21549255451486235,
        "ph_max": 1.337829255518561,
        "low": [
          0.012999640277631126,
          0.06898523215134583,
          0.07811026878751366,
          1.041905638511143,
          17
        ],
        "mid": [
          0.08927218391358113,
          0.18297057626515978,
          0.36276705688551847,
          1.337829255518561,
          25
        ],
        "high": [
          0.01318003790523353,
          0.2304352413444309,
          0.21549255451486235,
          0.6550068460151544,
          13
        ]
      },
      "vout_dc": 0.9181859786773973,
      "n_z": 60,
      "n_p": 63,
      "worst_leak_db": -100.13169875354329
    },
    "121u": {
      "zout": {
        "n": 60,
        "mag_med": 0.008927193190016742,
        "mag_max": 0.24717483265081847,
        "ph_med": 0.03358606661734158,
        "ph_max": 1.029817352038848,
        "low": [
          0.008495173058877294,
          0.041949484208810686,
          0.016601743210201112,
          0.2814952360401474,
          16
        ],
        "mid": [
          0.005072660532079403,
          0.24717483265081847,
          0.0381086641972265,
          1.029817352038848,
          24
        ],
        "high": [
          0.019644962223075886,
          0.18096570964089206,
          0.0410098534144004,
          0.5309740214427886,
          20
        ]
      },
      "psrr": {
        "n": 63,
        "mag_med": 0.004948081374541058,
        "mag_max": 0.10478013053857994,
        "ph_med": 0.0347602185580226,
        "ph_max": 2.022020702500663,
        "low": [
          0.0018743267474197259,
          0.016727446445191297,
          0.007396515665152405,
          0.14392657827801164,
          17
        ],
        "mid": [
          0.0028177323290254335,
          0.029777704484415194,
          0.025747153217781496,
          1.013479828934849,
          25
        ],
        "high": [
          0.025332504014984186,
          0.10478013053857994,
          0.12791354546479908,
          2.022020702500663,
          21
        ]
      },
      "vout_dc": 0.9179672565626357,
      "n_z": 60,
      "n_p": 63,
      "worst_leak_db": -119.5502457206368
    },
    "250u": {
      "zout": {
        "n": 52,
        "mag_med": 0.011796315834292685,
        "mag_max": 0.1899502945644259,
        "ph_med": 0.041056449824821,
        "ph_max": 0.9593925063097891,
        "low": [
          0.0130623728865744,
          0.04357129008963484,
          0.04081190580340621,
          0.28091199328068567,
          16
        ],
        "mid": [
          0.010987005519600385,
          0.1899502945644259,
          0.04725836177822182,
          0.9593925063097891,
          24
        ],
        "high": [
          0.011357404096306794,
          0.021699651159230927,
          0.030129449354728676,
          0.116790089417216,
          12
        ]
      },
      "psrr": {
        "n": 55,
        "mag_med": 0.006033279023586267,
        "mag_max": 0.028125598607196614,
        "ph_med": 0.036713768888380634,
        "ph_max": 2.0587599765884432,
        "low": [
          0.002803696454145857,
          0.017724249243357162,
          0.009018245736612597,
          0.15716672535435097,
          17
        ],
        "mid": [
          0.00582154764010199,
          0.01918230718861632,
          0.041372493171510163,
          0.8643687418435776,
          25
        ],
        "high": [
          0.019312261253101638,
          0.028125598607196614,
          0.06191978802345752,
          2.0587599765884432,
          13
        ]
      },
      "vout_dc": 0.9178170234644232,
      "n_z": 60,
      "n_p": 63,
      "worst_leak_db": -121.53922268766044
    }
  },
  "level2": {
    "composite_va": 8.458280570793267,
    "composite_ac": 6.315903018901348,
    "composite_tr_dev": 8.49573314391493,
    "d_va": 2.1423775518919195,
    "d_path": -0.03745257312166217
  }
}